item_id,title,llm_description
B00000JRSB,Final Fantasy VII - PlayStation,"Final Fantasy VII – PlayStation is a classic role-playing game offering a sprawling, epic story with turn-based combat and a focus on character development.  It’s a beloved title primarily aimed at fans of JRPGs and those seeking a rich, immersive fantasy adventure."
B00001X50M,Metal Gear Solid,"Metal Gear Solid is a stealth-action game where players strategically infiltrate enemy bases to complete missions. Designed for mature gamers who enjoy tactical gameplay and intricate narratives, it’s a classic title known for its immersive world and challenging puzzles."
B00001XDUB,Silent Hill,"Silent Hill is a psychological horror game that emphasizes atmosphere, exploration, and puzzle-solving, targeting players who enjoy suspenseful and unsettling experiences.  It’s a slow-burn adventure focused on navigating a disturbing, fog-laden town and confronting deeply rooted psychological themes."
B0000296O5,Final Fantasy VIII,"Final Fantasy VIII is a classic JRPG offering a compelling story centered around a group of young soldiers battling a sinister organization.  This action-oriented title with a focus on character relationships is likely to appeal to fans of traditional RPGs and those seeking a rich, narrative-driven experience."
B00004Y57G,Final Fantasy IX,"Final Fantasy IX is a classic JRPG offering a nostalgic return to the series’ roots with a focus on character-driven storytelling and turn-based combat.  It’s a charming adventure primarily aimed at fans of traditional RPGs and those seeking a more immersive, story-focused experience."
B00004YRQA,PlayStation 2 Memory Card (8MB),"This PlayStation 2 Memory Card allows players to save their progress and game data, supporting a wide range of classic PS2 titles. Primarily intended for fans of retro gaming and those seeking to preserve their favorite titles from the PlayStation 2 era."
B00004YUWA,Ico - PlayStation 2,"Ico is a haunting puzzle-adventure game where players must protect a young boy in a desolate world, emphasizing atmospheric exploration and cooperative gameplay.  Primarily aimed at players who enjoy introspective narratives and challenging, artistic experiences, it’s a classic title for fans of atmospheric adventure games."
B00005BW7Q,Xenosaga - PlayStation 2,"Xenosaga is a sprawling space opera RPG offering a complex narrative and strategic turn-based combat, appealing to fans of science fiction and deep, character-driven stories.  Players embark on an epic journey through a vast galaxy, exploring philosophical themes alongside intense battles."
B00005ML10,Metal Gear Solid 2: Sons of Liberty - PlayStation 2,"Metal Gear Solid 2: Sons of Liberty is a stealth-action game set in a complex, politically-charged narrative, offering players a strategic and immersive experience focused on espionage and tactical combat. Primarily aimed at mature gamers and fans of tactical gameplay, it’s a classic title known for its intricate level design and challenging gameplay."
B00005NZ1G,Halo: Combat Evolved (Not for Resale),"Halo: Combat Evolved is a first-person shooter offering a sci-fi action experience focused on tactical combat and vehicle gameplay. This classic title appeals to fans of military shooters and those seeking a nostalgic, engaging campaign for single-player or cooperative play."
B00005O0I2,Grand Theft Auto 3,"Grand Theft Auto 3 is an open-world action-adventure game offering a sprawling crime narrative and sandbox gameplay for mature players. Players explore a detailed city, engaging in missions, vehicle pursuits, and emergent experiences."
B000066JRN,Super Mario Sunshine,"Super Mario Sunshine is a vibrant 3D platformer where players explore a tropical island, collecting stars and battling bosses.  This family-friendly adventure is ideal for fans of classic Mario games and those seeking a colorful, engaging experience."
B00006IJJK,Metroid Prime,"Metroid Prime is a first-person action-adventure game blending exploration, combat, and puzzle-solving in a science fiction setting.  It’s primarily targeted towards fans of immersive, atmospheric experiences and players who enjoy a challenging, methodical gameplay style."
B00006LELI,Resident Evil Zero - Gamecube,"Resident Evil Zero is a survival horror game emphasizing intense, claustrophobic combat and puzzle-solving for fans of the genre.  Designed for experienced horror gamers seeking a challenging and atmospheric single-player experience, it’s a classic installment in the Resident Evil series."
B00006M3R6,Metroid Fusion,"Metroid Fusion is a challenging action-adventure game blending exploration, combat, and puzzle-solving in a science fiction setting. Primarily targeting fans of action RPGs and those who enjoy a focused, atmospheric experience, it emphasizes strategic movement and resource management."
B000084318,The Legend of Zelda: The Wind Waker,"The Legend of Zelda: The Wind Waker is an action-adventure game with a charming, cel-shaded art style, emphasizing exploration and sailing across a vast ocean.  It’s primarily aimed at players who enjoy classic Zelda gameplay and a more relaxed, story-driven experience."
B000099T2E,Ratchet & Clank Going Commando,"Ratchet & Clank: Going Commando is a third-person shooter adventure game focused on inventive gadget-based combat and platforming challenges.  Designed for players who enjoy action-packed gameplay with a humorous sci-fi setting, it’s a great fit for fans of family-friendly action games."
B0001OK7VW,Tales of Symphonia - Gamecube,"Tales of Symphonia is a classic JRPG offering a sprawling fantasy adventure with tactical turn-based combat, appealing to fans of story-driven RPGs and strategic gameplay.  The game’s engaging narrative and memorable characters make it suitable for players who enjoy immersive world-building and character development."
B0002A6CQ4,Resident Evil 4 - Gamecube,"Resident Evil 4 is a third-person action horror game where players control Leon S. Kennedy as he battles hordes of infected enemies in a Spanish castle.  Designed for fans of survival horror and action-oriented gameplay, it’s a thrilling experience for mature gamers."
B0002RQ3ES,Metal Gear Solid 3 Snake Eater - PlayStation 2,"Metal Gear Solid 3: Snake Eater is a stealth-action game set in 1961, emphasizing tactical gameplay and survival against a backdrop of Cold War espionage.  Designed for mature players who enjoy immersive narratives and strategic combat, it’s a classic title within the Metal Gear Solid franchise."
B0002XL3BA,God of War - PlayStation 2,"God of War (PlayStation 2) is an action-adventure game centered around epic combat and mythological storytelling, appealing to fans of visceral combat and Greek mythology. Players control Kratos as he battles gods and monsters in a brutal, third-person perspective, offering a challenging experience for mature gamers."
B0009A4EV2,Dragon Quest VIII: Journey of the Cursed King,"Dragon Quest VIII is a classic JRPG offering a sprawling fantasy adventure with turn-based combat and a focus on character relationships.  It’s ideal for fans of traditional RPGs and those seeking a nostalgic, story-driven experience."
B0009VXAM0,PlayStation 3 60GB System,"This PlayStation 3 game title offers a classic action-adventure experience, likely featuring expansive worlds and engaging combat for fans of traditional RPGs.  It’s a great entry point for players interested in exploring the early days of PlayStation 3 gaming."
B0009VXBAQ,Wii,"Wii is a family-friendly motion-controlled adventure game that blends minigames and exploration, appealing to casual gamers and families looking for accessible entertainment. Players navigate a vibrant world using intuitive Wii Remote gestures to solve puzzles and compete in a variety of challenges."
B000B69E9G,Resident Evil 4 - PlayStation 2,"Resident Evil 4 is a third-person action horror game where players control Leon S. Kennedy as he battles hordes of enemies to rescue a young woman.  This title appeals to fans of survival horror and action gameplay, typically targeting an older teen and adult audience."
B000ERVMI8,New Super Mario Bros,New Super Mario Bros. is a classic 2D platformer offering familiar Mario gameplay with updated graphics and challenging levels. This game is ideal for fans of traditional platforming and families seeking a nostalgic and accessible adventure.
B000FQ2D5E,Metal Gear Solid 4: Guns of the Patriots,"Metal Gear Solid 4: Guns of the Patriots is a tactical espionage action game where players control Solid Snake in a sprawling, cinematic campaign focused on stealth and strategic combat.  Designed for experienced action gamers and fans of the Metal Gear Solid series, it offers a complex narrative and challenging gameplay."
B000FQ9QVI,Super Mario Galaxy,"Super Mario Galaxy is a vibrant 3D platformer that blends exploration and puzzle-solving with classic Mario gameplay.  It’s a charming adventure designed for players of all ages who enjoy whimsical worlds and challenging, yet rewarding, levels."
B000FQ9R4E,Super Smash Bros. Brawl,"Super Smash Bros. Brawl is a chaotic and action-packed fighting game featuring a roster of iconic Nintendo characters, appealing to players who enjoy competitive, fast-paced battles and a large, diverse cast.  It’s a great choice for fans of platform fighters and those seeking a fun, accessible experience with a high skill ceiling."
B000FQBF1M,Killzone 2 - Playstation 3,"Killzone 2 is a first-person shooter set on a hostile alien planet, offering intense, tactical combat and a cinematic single-player experience. Primarily targeting action and military game enthusiasts, it delivers a challenging and immersive sci-fi shooter for the PlayStation 3."
B000FQBPDU,Metroid Prime 3: Corruption,"Metroid Prime 3: Corruption is a first-person action-adventure game blending exploration, combat, and a compelling narrative, appealing to fans of sci-fi and adventure titles. Players navigate a visually stunning, atmospheric world as they uncover secrets and battle threats, typically enjoyed by players who appreciate immersive experiences and challenging gameplay."
B000FRV2UK,The Legend of Zelda: Phantom Hourglass,"The Legend of Zelda: Phantom Hourglass is a charming 2D adventure game where players guide Link through intricate puzzles and exploration in a classic Zelda style.  Designed for fans of puzzle-solving and exploration, it offers a nostalgic experience reminiscent of the original Game Boy Zelda titles."
B000G6SPHI,God of War 2 - PlayStation 2,"God of War 2 is an action-adventure game set in ancient Greece, offering visceral combat and a sprawling world for mature players.  This title delivers a challenging and epic experience focused on Greek mythology and intense, skill-based gameplay."
B000M17AVO,Sony PlayStation 3 Blu-ray Disc Remote,"This remote control accessory is designed for Sony PlayStation 3 users, offering a direct connection and enhanced control over their gaming experience. Primarily aimed at PlayStation 3 owners seeking a more immersive and responsive gameplay experience, it’s a supplementary device for action and adventure titles."
B000N5Z2L4,Xbox Live Gold: 1 Month Membership [Digital Code],"This digital code unlocks a monthly Xbox Live Gold subscription, primarily benefiting players of online multiplayer games and offering access to exclusive content. It’s recommended for gamers seeking to participate in competitive online play and access Xbox Live services."
B000OLXX86,Mass Effect - Xbox 360,"Mass Effect for Xbox 360 is a sprawling space opera RPG where players command a crew, make impactful choices, and explore a vast galaxy. This action-adventure title appeals to fans of grand narratives, tactical combat, and character-driven stories."
B000OYMYZQ,Xbox 360 Black Play and Charge Kit,"This Xbox 360 Black Play and Charge Kit provides a convenient way to recharge and play your console, appealing to existing Xbox 360 owners and collectors. It’s a supplementary accessory focused on extending playtime and maintaining the classic gaming experience."
B000P46NKC,Resident Evil 4,"Resident Evil 4 is a third-person action horror game where players control Leon S. Kennedy as he battles hordes of infected enemies in a Spanish castle.  This title is likely appealing to fans of action-oriented survival horror experiences and those seeking a thrilling, single-player adventure."
B000TLU67W,PlayStation 2 Console Slim PS2,"This PlayStation 2 Console Slim is a classic home console title, offering a nostalgic experience for fans of traditional action and adventure games. Primarily aimed at gamers seeking a budget-friendly entry point into the PlayStation 2 library, it delivers a familiar and engaging gameplay style."
B000UC5ML0,Ratchet and Clank Future: Tools of Destruction - Playstation 3,"Ratchet and Clank: Tools of Destruction is a third-person shooter adventure game offering fast-paced, action-packed gameplay with a focus on inventive weaponry and cooperative play. Primarily aimed at fans of action-adventure and sci-fi, this title delivers a humorous and engaging experience for both single and multiplayer players."
B000UW21A0,Uncharted: Drake's Fortune - Playstation 3,"Uncharted: Drake’s Fortune is an action-adventure game blending cinematic storytelling with third-person shooting and exploration, appealing to fans of thrilling narratives and engaging combat.  This PlayStation 3 title offers a classic adventure experience focused on treasure hunting and intense set-piece sequences."
B000VTQ3LU,PlayStation Eye,"PlayStation Eye is a first-person shooter that utilizes motion tracking for immersive gameplay, appealing to fans of competitive multiplayer experiences and action-oriented titles.  It’s designed for players seeking a unique, physically engaging shooter with a focus on fast-paced combat."
B000ZK7ZOE,inFAMOUS - Playstation 3,"inFAMOUS is an action-adventure game set in a compelling urban environment, offering players a unique blend of superpowers and moral choices.  Designed for fans of open-world gameplay and superhero narratives, it’s a thrilling experience for mature gamers."
B000ZK9QCS,God of War III - Playstation 3,"God of War III is an action-adventure game set in ancient Greece, offering visceral combat and epic scale for fans of challenging, story-driven experiences.  This title appeals to players who enjoy intense battles and mythological narratives within a mature, cinematic world."
B0010AYJXI,Alan Wake - Xbox 360,"Alan Wake is a psychological action-adventure game where players explore a dark, atmospheric world as a writer battling supernatural forces.  Designed for fans of suspenseful narratives and tactical combat, it’s a compelling experience for those who enjoy immersive storytelling and a focus on atmosphere."
B0013RATNM,Just Cause 2 - Xbox 360,"Just Cause 2 is an open-world action-adventure game where players utilize explosive gadgets and vehicles to complete chaotic missions.  Designed for players who enjoy over-the-top action and sandbox gameplay, it’s a thrilling experience for fans of mayhem and destruction."
B0014CN2H6,Shin Megami Tensei: Persona 3 FES - PlayStation 2,"Shin Megami Tensei: Persona 3 FES is a stylish JRPG blending tactical demon negotiation with a compelling narrative focused on teenage characters.  Designed for fans of character-driven stories and strategic combat, it offers a deep, immersive experience for mature RPG players."
B0015AARJI,PlayStation 3 Dualshock 3 Wireless Controller (Black),"This is a standard PlayStation 3 controller, ideal for playing classic and modern games on the PS3 console. It’s a great option for gamers seeking a comfortable and reliable control experience, primarily targeting those invested in the PlayStation 3 ecosystem."
B001BKLE58,Halo 2 - Xbox,"Halo 2 is a first-person shooter offering a thrilling sci-fi campaign and engaging multiplayer modes, appealing to fans of action and competitive gameplay. This classic Xbox title delivers a large-scale military experience with a focus on teamwork and strategic combat."
B001C6GVI6,Shin Megami Tensei: Persona 4 - PlayStation 2,"This title blends the strategic demon negotiation of Shin Megami Tensei with the social simulation elements of Persona, offering a captivating RPG experience. Primarily aimed at fans of JRPGs and those who enjoy character-driven stories with complex systems, it’s a compelling choice for players seeking a deep and engaging narrative."
B001D8Q5MA,Grand Theft Auto IV [Online Game Code],"Grand Theft Auto IV Online offers an open-world action-adventure experience with a focus on criminal activities and player freedom.  Designed for mature players seeking a sprawling, immersive sandbox game with a strong emphasis on vehicle combat and emergent storytelling."
B001DLUESI,Devil May Cry 3: Dante's Awakening - PlayStation 2 (Special),"Devil May Cry 3: Dante’s Awakening is a fast-paced action game featuring stylish combat and demon slaying, appealing to fans of challenging action and character customization. This Special Edition offers a refined experience for players seeking a deep, rewarding single-player adventure."
B001E27DLM,Chrono Trigger,"Chrono Trigger is a classic JRPG renowned for its engaging turn-based combat and compelling time-travel narrative.  This game appeals to fans of story-driven adventures and strategic gameplay, typically enjoyed by those seeking a nostalgic and rewarding RPG experience."
B001E8WQJA,Resident Evil - Gamecube,"Resident Evil for GameCube is a survival horror title emphasizing exploration, puzzle-solving, and resource management in a terrifying, atmospheric setting.  Designed for fans of classic horror and action-adventure games, players will navigate zombie-infested environments and uncover a dark mystery."
B001E8WQLI,Resident Evil: Code Veronica X - PlayStation 2,"Resident Evil: Code Veronica X is a survival horror game for the PlayStation 2, offering a tense and atmospheric experience focused on exploration, puzzle-solving, and combat against relentless zombies and mutated creatures.  It’s primarily aimed at fans of classic Resident Evil titles who enjoy a challenging and immersive horror adventure."
B001E8WQUY,Rock Band 2 - Nintendo Wii (Game only),"Rock Band 2 for Nintendo Wii is a rhythm game where players perform and record music, appealing to fans of music games and casual gamers.  It’s designed for groups of friends and families looking for a fun, energetic, and collaborative gameplay experience."
B001E90AE2,Saints Row 2 - Playstation 3,"Saints Row 2 is a chaotic open-world action-comedy game where players build a criminal empire through over-the-top violence and customizable mayhem.  Designed for players who enjoy sandbox gameplay, outrageous humor, and a relaxed, destructive experience, it’s perfect for fans of GTA-style adventures."
B001E91OLK,Rock Band - Nintendo Wii (Game only),"Rock Band for Nintendo Wii is a rhythm game where players perform music by playing instruments, appealing to fans of music games and casual gamers. The game offers a fun, social experience for groups of friends and families looking to jam out together."
B001EHD9GA,Left 4 Dead - Game of the Year Edition - PC,"Left 4 Dead - Game of the Year Edition is a cooperative zombie shooter designed for intense, action-packed gameplay with friends. This edition caters to players who enjoy chaotic horde survival and thrilling team-based experiences."
B001EHD9JW,Lego Indiana Jones: The Original Adventures,"Lego Indiana Jones: The Original Adventures is an action-adventure game blending classic Indiana Jones exploration with Lego’s signature block-building gameplay.  Designed for families and fans of both Lego and the iconic archaeologist, it offers a lighthearted and engaging adventure experience."
B001EHD9N8,Lego Star Wars: The Complete Saga - Xbox 360,"This action-adventure game combines Lego’s signature humor with the iconic Star Wars universe, offering cooperative gameplay for families and fans of both franchises. Players will explore familiar Star Wars locations and engage in light combat and puzzle-solving as they complete the original trilogy."
B001ELJDU2,Nintendo Game Boy Advance SP - Graphite,"This is a classic handheld game title, offering a nostalgic experience with a library of beloved Game Boy Advance games. Primarily aimed at retro gaming enthusiasts and collectors, it provides portable access to classic 2D action, puzzle, and role-playing titles."
B001ELJDWA,Gears of War 2 Limited Edition -Xbox 360,"This is a first-person shooter action game offering a visceral, team-based combat experience reminiscent of classic shooters like Halo. Primarily aimed at fans of intense, cover-based gameplay and military-themed action, this limited edition Xbox 360 title delivers a robust campaign and competitive multiplayer."
B001ELJE1A,Grand Theft Auto: San Andreas - Xbox 360 Digital Code,"Grand Theft Auto: San Andreas is an open-world action-adventure game offering players a sprawling urban environment to explore and complete missions.  Designed for mature audiences, this title delivers a classic sandbox experience with a focus on freedom, crime, and customization."
B001ELJE5G,Guitar Hero III: Legends of Rock - Xbox 360,"Guitar Hero III: Legends of Rock is a rhythm game where players perform iconic rock anthems using plastic instruments, appealing to fans of music games and casual players seeking a fun, energetic experience. The game’s accessible gameplay and diverse song selection make it suitable for both beginners and experienced rhythm game enthusiasts."
B001ELJE5Q,Wii Guitar Hero World Tour Band Kit,"This Wii game offers a realistic rhythm game experience, allowing players to perform as part of a touring rock band. Primarily aimed at music fans and casual gamers, *Guitar Hero World Tour* provides engaging, energetic gameplay for solo or group play."
B001ELJE6K,GUN - PC,"GUN – PC is a fast-paced, first-person shooter designed for competitive players seeking intense action and tactical combat.  It’s likely appealing to fans of titles like Doom and Counter-Strike, offering a challenging experience for experienced gamers."
B001ELJE88,Halo 3 Limited Edition -Xbox 360,This limited edition Halo 3 offers a classic first-person shooter experience for fans of sci-fi action and competitive multiplayer on the Xbox 360.  It’s ideal for players who enjoy strategic combat and engaging with a beloved franchise.
B001ELJEJM,GameCube Console - Legend of Zelda Bundle - Indigo,"This is a classic action-adventure game, offering expansive open-world exploration and puzzle-solving within the beloved Zelda universe.  Ideal for fans of fantasy RPGs and players seeking a nostalgic, immersive gaming experience."
B001ENPDJA,PS3 Wireless Keypad,"This wireless keypad accessory is ideal for players of action and adventure games on the PlayStation 3, offering a more precise and comfortable control experience. It’s a great addition for gamers seeking enhanced gameplay and a competitive edge."
B001EYUNE4,Tekken 5 - PlayStation 2,"Tekken 5 is a 3D fighting game offering fast-paced, combo-driven combat with a roster of iconic characters. Primarily aimed at competitive players and fans of traditional fighting game mechanics, it’s a classic title for those seeking a challenging and rewarding experience."
B001EYUNHG,Street Fighter IV - Playstation 3,"Street Fighter IV is a classic fighting game offering competitive 1v1 battles and team-based modes.  Designed for players who enjoy strategic combat and a nostalgic arcade experience, it’s a great choice for both seasoned fighting game enthusiasts and newcomers to the genre."
B001EYUNPI,The Elder Scrolls IV: Oblivion (Collector's Edition) -Xbox 360,"This Collector’s Edition of The Elder Scrolls IV: Oblivion offers a sprawling open-world RPG experience, inviting players to explore a vast fantasy realm and shape their own destiny.  Ideal for fans of immersive storytelling and character customization, this title is best suited for those enjoying classic fantasy adventures."
B001EYUNUS,The Legend of Zelda: A Link to the Past,"This action-adventure game offers a classic 2D experience, blending exploration, puzzle-solving, and combat in a sprawling, fantastical world. Primarily aimed at fans of retro gaming and adventure titles, *The Legend of Zelda: A Link to the Past* provides a nostalgic and engaging journey for players of all ages."
B001EYUNVC,The Legend of Zelda: Twilight Princess,"The Legend of Zelda: Twilight Princess is an action-adventure game blending fantasy and dark fantasy elements, offering a sprawling open world to explore and challenging combat encounters. Primarily aimed at fans of classic Zelda titles and adventure gamers, it delivers a grand, epic narrative experience."
B001EYUNYY,The Orange Box - Playstation 3,"The Orange Box is a compilation of critically acclaimed Half-Life 2 and Portal titles, offering a blend of first-person shooter and puzzle gameplay. Primarily aimed at fans of immersive storytelling and challenging gameplay experiences, it’s a must-have for PC gamers seeking a console port."
B001EYUPCO,Condemned: Criminal Origins (Dvd) - PC,"Condemned: Criminal Origins is a first-person psychological horror game that blends investigative gameplay with intense, visceral combat.  Designed for fans of suspenseful horror and mature thrillers, players navigate dark, atmospheric environments solving crimes and confronting terrifying enemies."
B001EYUPE2,Crisis Core: Final Fantasy VII - Sony PSP,"Crisis Core: Final Fantasy VII is a fast-paced, action-oriented RPG set within the expanded universe of Final Fantasy VII, appealing to fans of the series and action RPG enthusiasts.  Players experience a streamlined combat system and a compelling story focused on SOLDIER Bartsuzu, making it suitable for both newcomers and experienced JRPG players."
B001EYUPHO,Dead Space - PC,"Dead Space – PC is a survival horror game emphasizing intense atmosphere, strategic combat, and resource management.  Designed for fans of challenging action and sci-fi horror, it offers a deeply immersive experience for players seeking a tense and rewarding experience."
B001EYUPOC,Doom 3 Limited Collector's Edition - Xbox (Collector's),"This is a first-person shooter game offering a tense and atmospheric single-player experience, likely appealing to fans of horror and action titles. The Limited Collector’s Edition suggests a premium experience targeted towards dedicated gamers and collectors of the Doom franchise."
B001EYUQ8C,BioShock,"BioShock is a first-person shooter set in a visually stunning, underwater dystopia, offering a narrative-driven experience focused on exploration and combat.  It’s likely appealing to fans of immersive storytelling and action-adventure games with a strong emphasis on atmosphere and player choice."
B001EYUQ8M,BioShock 2 Special Edition -Xbox 360,"BioShock 2 Special Edition offers a first-person shooter experience blending immersive underwater exploration with intense combat and moral choices.  This title is geared towards fans of action RPGs and players who enjoy narrative-driven gameplay with a dark, atmospheric setting."
B001EYUQDW,Borderlands Ultimate Edition - PS3 [Digital Code],"Borderlands Ultimate Edition is a looter-shooter RPG offering chaotic, over-the-top action and cooperative gameplay for players who enjoy gun-heavy combat and humorous storylines. This digital code provides access to the entire Borderlands experience, primarily targeting fans of action RPGs and those seeking a fun, team-based adventure."
B001EYUQN2,Burnout Paradise - Playstation 3,"Burnout Paradise is an open-world arcade racer offering exhilarating, high-speed chases and a focus on chaotic, over-the-top action.  It’s designed for players who enjoy fast-paced driving games with a relaxed, customizable atmosphere and a slightly rebellious spirit."
B001EYUQT6,Call of Duty 2 - PC,"Call of Duty 2 is a first-person shooter offering fast-paced, team-based combat set in World War II. This PC version appeals to fans of tactical shooters and competitive multiplayer experiences."
B001EYUQTQ,Call of Duty 4: Modern Warfare - Game of the Year Edition,"Call of Duty 4: Modern Warfare – Game of the Year Edition is a first-person shooter offering fast-paced, tactical combat within a contemporary military setting. This edition is ideal for players who enjoy intense action, competitive multiplayer, and a cinematic, realistic war experience."
B001EYUQVE,Call of Duty: World at War Final Fronts - PlayStation 2,"Call of Duty: World at War Final Fronts is a first-person shooter offering a gritty, historical WWII experience focused on large-scale battles.  This title is likely appealing to fans of tactical shooters and those interested in realistic combat scenarios from the early 2000s."
B001EYUS2Q,Fable - Best of Platinum - Xbox (Platinum),"This is a remastered collection of the classic fantasy RPG Fable, offering a sprawling open-world adventure with character-driven choices and a focus on moral decisions.  Ideal for fans of immersive role-playing games and those seeking a nostalgic experience in a beloved franchise."
B001EYUSFS,Fight Night Round 3 - Playstation 3,"Fight Night Round 3 is a realistic fighting game for the PlayStation 3, offering intense one-on-one combat with a focus on strategic movement and powerful strikes.  It’s geared towards players who enjoy competitive fighting games and appreciate a grounded, athletic style of gameplay."
B001EYUSJ4,Final Fantasy XIII - Playstation 3,"Final Fantasy XIII is an action role-playing game set in a sprawling, fantastical world, offering a cinematic story and fast-paced combat.  It’s primarily aimed at fans of JRPGs and players who enjoy epic narratives with a focus on character relationships and strategic battles."
B001EYUVZK,Okami - PlayStation 2,"Okami is a beautiful action-adventure game where you play as a sun god, restoring life to the world through brushstroke-based combat and exploration.  This title is ideal for fans of artistic RPGs and those seeking a unique, visually stunning experience with a focus on puzzle-solving and charming storytelling."
B001EYUW3Q,Tom Clancy's Splinter Cell | PC Code - Ubisoft Connect,"Tom Clancy’s Splinter Cell is a stealth-action game where players utilize tactical skills and shadows to complete missions.  Designed for fans of tactical gameplay and espionage thrillers, this title offers a challenging experience for mature gamers."
B001EYUW6S,Tomb Raider Anniversary for wii,"Tomb Raider Anniversary for Wii offers a classic action-adventure experience, blending exploration and puzzle-solving with thrilling combat sequences. This title is ideal for fans of the original Tomb Raider series and those seeking a nostalgic, engaging adventure game."
B001EYUWWW,Unreal Tournament III Collector's Edition - PC,"Unreal Tournament III Collector’s Edition is a fast-paced, competitive first-person shooter designed for players who enjoy arena-style combat and high-skill shooter gameplay. This PC title offers a deep and rewarding experience for experienced FPS fans and those seeking a classic, challenging shooter."
B001EYUXBM,Tom Clancy's Rainbow Six Vegas | PC Code - Ubisoft Connect,"Tom Clancy’s Rainbow Six Vegas is a tactical first-person shooter offering intense, team-based combat and strategic siege gameplay. This title is best suited for players who enjoy realistic military simulations and appreciate a challenging, competitive experience."
B001EYUXIK,Star Wars Battlefront II - Xbox,"Star Wars Battlefront II offers a large-scale, team-based shooter experience set within the iconic Star Wars universe.  Designed for fans of competitive multiplayer and cinematic battles, this title delivers thrilling action and iconic vehicle combat."
B001EYUXXK,Silent Hill Origins - PlayStation 2,"Silent Hill Origins offers a psychological horror experience centered around exploration and puzzle-solving, likely appealing to fans of atmospheric horror and classic survival horror games.  This PlayStation 2 title blends unsettling environments with a deliberate pace, targeting players who enjoy slow-burn narratives and challenging gameplay."
B001EYUY8Y,Soul Calibur IV - Xbox 360,"Soul Calibur IV is a fast-paced, 3D fighting game offering intense one-on-one combat and a roster of iconic characters.  Designed for competitive players and action game enthusiasts, it delivers a challenging and rewarding experience."
B001F8188Y,Nintendo DS Lite Cobalt / Black,"This Nintendo DS Lite title is likely a puzzle or strategy game, capitalizing on the dual-screen functionality of the handheld console.  It’s geared towards casual gamers and fans of classic puzzle titles seeking a nostalgic experience."
B001G6063S,Prince of Persia: The Sands of Time,"Prince of Persia: The Sands of Time is a classic action-adventure game blending fluid platforming with puzzle-solving and combat, appealing to fans of challenging exploration and heroic narratives. Players control a skilled prince navigating ancient ruins and manipulating time to overcome obstacles and defeat enemies."
B001G7PSIU,Just Cause 2 - Xbox 360 Digital Code,"Just Cause 2 is an open-world action-adventure game where players utilize explosive gadgets and vehicles to complete chaotic missions.  Designed for players who enjoy over-the-top action and sandbox gameplay, it’s a thrilling experience for fans of mayhem and destruction."
B001G7PTAC,Resistance 2 Collector's Edition - Playstation 3,"This is a first-person shooter action game set in a post-apocalyptic world overrun by robots, offering a challenging campaign for fans of intense combat and immersive storytelling. The Collector’s Edition expands the experience with exclusive bonus content, primarily targeting dedicated action game players and collectors."
B001IVXI7C,LittleBigPlanet - Playstation 3,"LittleBigPlanet is a charming platformer offering creative sandbox gameplay where players build and share their own levels.  Designed for families and casual gamers, it encourages imaginative play and collaborative creation."
B001JKTC9A,Uncharted 2: Among Thieves - Playstation 3,"Uncharted 2: Among Thieves is an action-adventure game offering thrilling cinematic experiences and intense third-person shooting, appealing to fans of blockbuster adventure and exploration. Players embark on a globe-trotting quest filled with treasure hunting, combat, and puzzle-solving, targeting an audience who enjoy immersive storytelling and exciting gameplay."
B001KMRN0M,PlayStation Portable 3000 Core Pack System - Piano Black,"This system offers a premium handheld gaming experience, likely targeting strategy and puzzle fans with its core pack format. Featuring a sleek piano black design, it’s designed for immersive gameplay on the go."
B001Q4HLFQ,Guitar Hero Metallica - Playstation 3,"Guitar Hero Metallica is a rhythm game that challenges players to perform iconic Metallica songs using plastic instruments, appealing to fans of rock music and music game enthusiasts.  Designed for casual and dedicated gamers alike, it offers a high-energy experience focused on accurate timing and performance."
B001QCWRWK,Batman: Arkham Asylum - Xbox 360,"Batman: Arkham Asylum is a dark, action-adventure game where players utilize stealth and combat to investigate and stop the Joker within the confines of Arkham Asylum.  Designed for fans of superhero games and those who enjoy a challenging, story-driven experience, it’s a must-have for players seeking a gritty take on the Batman mythos."
B001QCWRY8,Darksiders - Xbox 360,"Darksiders is an action-adventure game blending hack-and-slash combat with dungeon exploration, appealing to fans of challenging combat and dark fantasy settings.  The game’s focus on brutal combat and epic scale suggests a target audience interested in mature action experiences."
B001QCWRZC,Dragon Age: Origins Digital Deluxe Edition [Download],"Dragon Age: Origins Digital Deluxe Edition offers a deep, story-driven RPG experience with tactical combat, appealing to fans of fantasy and character-focused gameplay. This edition is ideal for players who enjoy immersive worlds and strategic decision-making in a mature fantasy setting."
B001QCWSGU,Sonic's Ultimate Genesis Collection (Greatest Hits) - PlayStation 3,"This collection offers a nostalgic trip back to classic 2D platforming, delivering fast-paced action and level design reminiscent of the original Sonic the Hedgehog games. Primarily aimed at fans of retro gaming and platforming enthusiasts, it provides a comprehensive experience of Sonic’s early adventures."
B001QCWSHO,X-Men Origins: Wolverine - Uncaged Edition - PC,"This action-adventure game delivers visceral combat and a brutal narrative experience, drawing heavily from the X-Men universe. Primarily targeting fans of superhero action and mature gameplay, *X-Men Origins: Wolverine - Uncaged Edition* offers a challenging and intense experience."
B001SEQWXQ,Red Dead Redemption,"Red Dead Redemption is an open-world Western action-adventure game where players explore a vast, immersive landscape and engage in thrilling gunfights and outlaw activities.  Designed for fans of immersive storytelling and emergent gameplay, it’s a compelling experience for players who enjoy freedom and a classic frontier narrative."
B001SGZL2W,Red Dead Redemption - Playstation 3,"Red Dead Redemption for PlayStation 3 is an open-world Western action-adventure game where players experience a sprawling story of outlaw life and exploration.  Designed for fans of immersive narratives and emergent gameplay, it offers a compelling experience for players who enjoy freedom and character customization."
B001T0HVGQ,Xbox 360 Elite System Console Includes 120GB Hard Drive,This Xbox 360 console offers a classic gaming experience for fans of action and adventure titles. Ideal for both casual and dedicated gamers seeking a robust system for playing a wide variety of games.
B001TOMQVC,Dead Space Extraction,"Dead Space Extraction is a fast-paced, mobile-first shooter offering a condensed, action-packed experience within the iconic Dead Space universe. Primarily targeting fans of the series and fans of intense, visceral combat, it delivers a smaller-scale, arcade-style adventure."
B001TXF9ZS,LittleBigPlanet - Game of the Year Edition Playstation 3,"LittleBigPlanet: Game of the Year Edition is a charming platformer offering creative sandbox gameplay and collaborative challenges for families and fans of imaginative, open-world experiences. Players build, explore, and customize levels to create their own unique adventures."
B00267RVX4,Assassin's Creed 2 Deluxe Edition [Download],"Assassin’s Creed 2 Deluxe Edition offers an expansive open-world action-adventure experience set in Renaissance Italy, blending stealth and combat with a focus on historical exploration. This title is ideal for players who enjoy immersive narratives and engaging gameplay within a historical setting."
B00267S2A0,Call of Duty: Modern Warfare 2 - Playstation 3,Call of Duty: Modern Warfare 2 for Playstation 3 is a fast-paced first-person shooter offering intense multiplayer combat and a gripping single-player campaign. This title is geared towards action and shooter fans seeking a competitive and immersive military experience.
B00269QLI8,Call of Duty Modern Warfare 2 - Xbox 360,Call of Duty: Modern Warfare 2 is a fast-paced first-person shooter offering intense multiplayer combat and a gripping single-player campaign. This Xbox 360 title is geared towards action-oriented gamers seeking competitive online experiences and cinematic military narratives.
B0026P3CE8,Call of Juarez: Bound in Blood - PC,"Call of Juarez: Bound in Blood is a gritty, first-person shooter emphasizing stealth and close-quarters combat, appealing to players who enjoy tense, narrative-driven experiences with a Western aesthetic.  It’s a challenging shooter designed for players seeking a more tactical and atmospheric experience than typical action games."
B0029F2FB6,Xbox 360 Pro 20 GB,"This Xbox 360 expansion pack offers increased storage capacity, primarily targeting existing Xbox 360 owners seeking to expand their game library and digital content collection.  It’s a hardware accessory geared towards gamers who enjoy collecting and playing classic and newer titles on their console."
B0029LJIFG,Xbox LIVE 12 Month Gold Membership Card,This Xbox LIVE 12 Month Gold Membership Card unlocks access to online multiplayer gaming and a library of downloadable content. It’s ideal for gamers seeking to connect with friends and enjoy a wide range of Xbox titles across various genres.
B002BSA298,Kinect Sensor with Kinect Adventures!,"Kinect Adventures is a family-friendly active game that utilizes the Kinect sensor for motion-based gameplay. Designed for players of all ages, it offers a fun and engaging experience combining physical activity with adventure and challenges."
B002BSA388,Super Mario Galaxy 2,"Super Mario Galaxy 2 is a vibrant 3D platformer offering inventive space exploration and challenging puzzles for players of all ages.  It’s a classic Mario adventure emphasizing creative movement and collecting, appealing to both longtime fans and newcomers to the series."
B002BSC54I,The Legend of Zelda: Skyward Sword with Music CD,"This is a classic action-adventure game where players explore a vast world, solve puzzles, and battle enemies using a sword and shield – perfect for fans of Zelda and adventure games. The included music CD enhances the immersive experience, appealing to players who enjoy collecting soundtracks and classic gaming."
B002BSH3KE,Crysis 2 - PC,"Crysis 2 is a first-person shooter offering intense, open-world action and tactical combat on PC.  Designed for fans of fast-paced shooters and immersive military experiences, it delivers a challenging and visually stunning gameplay loop."
B002BSH82M,Left 4 Dead 2 - PC,"Left 4 Dead 2 is a cooperative first-person shooter designed for intense zombie hordes and team-based survival. This PC title offers a thrilling, action-packed experience primarily aimed at players who enjoy chaotic cooperative gameplay and a challenging, adrenaline-fueled atmosphere."
B002CZ38KA,Heavy Rain - Greatest Hits,"Heavy Rain is a narrative-driven adventure game blending cinematic storytelling with interactive drama, appealing to fans of suspense and psychological thrillers.  Players navigate a branching story through exploration and quick-time events, creating a deeply immersive experience for mature audiences."
B002I08CSW,The Wonderful 101,"The Wonderful 101 is a vibrant action RPG where players lead a team of heroes to defend against alien threats, emphasizing cooperative combat and strategic team building.  This game is likely appealing to fans of classic beat-'em-ups and those seeking a colorful, accessible adventure game experience."
B002I092MM,Super Mario 3D Land,Super Mario 3D Land is a 3D platformer offering a classic Mario adventure with intricate level design and challenging puzzles.  It’s ideal for fans of traditional platforming games and players of all ages seeking a nostalgic and rewarding experience.
B002I094AC,Star Fox 64 3D,"Star Fox 64 3D is a fast-paced, arcade-style shooter offering thrilling on-rails action and aerial combat. Primarily aimed at fans of classic space shooters and those seeking a nostalgic, challenging gameplay experience."
B002I096AA,Nintendo 3DS - Cosmo Black,"Cosmo Black for Nintendo 3DS is a charming action-adventure game featuring exploration and puzzle-solving, likely appealing to fans of classic Nintendo titles and casual gamers. Players navigate a vibrant world, collecting items and battling enemies in a relaxed and engaging experience."
B002I0GF72,The Legend of Zelda: The Wind Waker HD,"The Legend of Zelda: The Wind Waker HD is a vibrant, open-world adventure game blending classic Zelda exploration with a charming cel-shaded art style.  This title primarily appeals to fans of action-adventure games and those seeking a nostalgic, accessible experience for all ages."
B002I0H79C,Gears of War 3,"Gears of War 3 is a fast-paced, third-person shooter offering intense cooperative campaign gameplay and a robust horde mode experience.  Primarily targeting action and shooter fans, it delivers a visceral, military-themed adventure with a focus on teamwork and tactical combat."
B002I0IVC4,Super Street Fighter IV: 3D Edition - Nintendo 3DS,"Super Street Fighter IV: 3D Edition is a fighting game for the Nintendo 3DS, offering a classic 3D arena experience with accessible controls and deep strategic combat. This title is ideal for fans of traditional fighting games and players seeking a competitive, yet approachable, experience."
B002I0J45C,3D Dot Game Heroes - Playstation 3,"3D Dot Game Heroes is a charming action-adventure game that playfully reimagines classic 8-bit RPGs with vibrant 3D graphics and humorous gameplay.  It’s ideal for fans of retro gaming and those seeking a lighthearted, accessible adventure experience."
B002I0J4NE,PlayStation Move Starter Bundle,"This PlayStation Move Starter Bundle offers an accessible entry point into virtual reality gaming, ideal for fans of action and adventure titles seeking immersive, motion-controlled experiences. Primarily targeting newcomers and casual gamers, it provides a foundational setup for exploring the PlayStation VR ecosystem."
B002I0J4VQ,PlayStation 3 Slim 120GB (Old Model),"This PlayStation 3 Slim is a classic action-adventure game, offering a nostalgic experience for fans of single-player RPGs and immersive storytelling. Primarily aimed at gamers seeking a return to older titles and a more traditional gameplay style."
B002I0J51U,Playstation 3 Move Motion Controller,"This PlayStation 3 game utilizes motion controls, likely offering an action-adventure experience focused on physical interaction and immersive gameplay. It’s geared towards players seeking a unique and engaging experience with the Move controller."
B002I0J5FG,The ICO and Shadow of the Colossus Collection,"This collection offers a journey into atmospheric action-adventure, blending challenging combat with epic exploration reminiscent of classic PlayStation titles. Primarily aimed at fans of dark fantasy and players seeking a unique, immersive experience, it’s perfect for those who appreciate artistic storytelling and deliberate gameplay."
B002I0J5JW,Tomb Raider Trilogy,"The Tomb Raider Trilogy offers an action-adventure experience centered around exploration, puzzle-solving, and combat, appealing to fans of classic adventure games and those seeking a nostalgic, engaging single-player campaign. Players will navigate dangerous environments and unravel mysteries as the iconic Lara Croft."
B002I0K3CK,New Super Mario Bros. U,"New Super Mario Bros. U is a classic 2D platformer offering familiar Mario gameplay with cooperative multiplayer for families and fans of traditional platforming. Players will navigate vibrant levels, collecting power-ups and overcoming challenges to rescue Princess Peach."
B002I0K3PM,Lego City: Undercover - Nintendo Wii U,"Lego City: Undercover is a stealth-action adventure game for the Nintendo Wii U, blending Lego’s signature humor with a mission-based gameplay style aimed at families and fans of the Lego franchise. Players will utilize disguises and gadgets to solve puzzles and complete objectives in a vibrant, open-world city."
B002I0K6DG,Killzone 3 - Playstation 3,"Killzone 3 is a first-person shooter set on a hostile alien planet, offering intense, tactical combat and a cinematic single-player experience.  Primarily aimed at fans of military shooters and sci-fi action, it delivers a challenging and immersive campaign for experienced gamers."
B002I0K6X6,Playstation Move Navigation Controller,"This accessory enhances the PlayStation VR experience, offering precise movement control and navigation within virtual environments. Primarily aimed at PlayStation VR users and fans of immersive, action-adventure games, it’s ideal for those seeking a more intuitive and engaging gameplay style."
B002JTX5RK,Battlefield: Bad Company 2 - PS3 [Digital Code],"Battlefield: Bad Company 2 is a fast-paced, squad-based shooter offering chaotic multiplayer battles and a gritty, humorous tone. This digital code provides access to a game primarily aimed at players who enjoy intense action and cooperative gameplay within a large-scale war setting."
B002JTX72S,PlayStation 3 Dualshock 3 Wireless Controller (Urban Camouflage) - Playstation 3,"This is a wireless controller accessory for the PlayStation 3, primarily targeting gamers seeking a comfortable and stylish input device for action and adventure titles. It’s a peripheral designed for players enjoying classic and modern PlayStation 3 experiences."
B002JTX7JQ,Mass Effect 2 [Download],"Mass Effect 2 is a sprawling, narrative-driven action RPG where players command a squad of diverse characters to save the galaxy.  Designed for fans of science fiction and tactical combat, this downloadable title offers a deep and engaging experience for players who enjoy strategic decision-making and character-driven stories."
B002JTX7KA,Max Payne 3 - PC,"Max Payne 3 is a gritty, action-packed first-person shooter offering a nonlinear narrative and stylish gunplay.  This title appeals to fans of immersive crime thrillers and players who enjoy a challenging, slow-motion combat experience."
B002JTX89A,Sonic & SEGA All-Stars Racing - Nintendo Wii,"Sonic & SEGA All-Stars Racing is a kart racing game offering arcade-style racing action with iconic SEGA characters and tracks.  Designed for families and casual gamers, it delivers fast-paced, competitive racing fun on the Nintendo Wii."
B002JTX9RQ,Split / Second - PC,"Split/Second is a tactical action game where players manipulate time to outmaneuver enemies and complete missions, appealing to fans of strategy and cinematic action experiences.  Designed for players who enjoy a blend of real-time combat and calculated timing-based gameplay."
B002KAS4OW,Demon's Souls - PS3 [Digital Code],"Demon’s Souls is a challenging action RPG focused on punishing combat and strategic exploration, appealing to players who enjoy dark fantasy and a high degree of difficulty. This digital code provides access to a seminal title known for its atmospheric world and demanding gameplay experience."
B002LLRLMQ,Marvel: Ultimate Alliance,"Marvel: Ultimate Alliance is a cooperative action RPG where players assemble a team of iconic Marvel heroes to battle through challenging missions.  Designed for fans of superhero games and team-based combat, it offers engaging gameplay for both casual and experienced players."
B002XVUT3M,Wii Nunchuk Controller - White,"This is a peripheral accessory for the Wii, primarily targeting Nintendo fans and players interested in motion-controlled gameplay experiences. It’s a core component for utilizing the Wii’s unique controller features and participating in a wide range of games."
B002Z01QO2,New Super Mario Bros. Wii,"New Super Mario Bros. Wii is a classic 3D platformer offering accessible gameplay for players of all ages, blending traditional Mario challenges with a modern, expansive world.  It’s a family-friendly adventure perfect for fans of nostalgic platforming and collecting stars."
B0030H8I4K,Batman: Arkham Origins Collectible Case for PS3,"This is a collector’s case for the action-adventure game Batman: Arkham Origins, offering fans a display piece for the game’s combat-focused gameplay. Primarily aimed at Batman enthusiasts and collectors of video game memorabilia, it complements the core Arkham series experience."
B0030MEITE,Transformers: War for Cybertron - Xbox 360,"Transformers: War for Cybertron is a third-person action-adventure game where players command iconic Transformers in a large-scale battle for control of the Cybertronian world.  Designed for fans of the Transformers franchise and strategy gameplay, it offers a thrilling experience for players who enjoy tactical combat and vehicle customization."
B0032C9V7G,Dead Space 2 Collector's Edition - PC,"Dead Space 2 Collector’s Edition is a survival horror game emphasizing intense combat and exploration within a claustrophobic, sci-fi environment.  Designed for fans of action-oriented horror and challenging gameplay, it’s a premium experience for players seeking a visceral and atmospheric adventure."
B00341B3LW,Prince of Persia: The Forgotten Sands - Xbox 360,"Prince of Persia: The Forgotten Sands offers a fluid, action-adventure experience centered around acrobatic combat and puzzle-solving within a rich, ancient world. This title is likely appealing to fans of classic action-adventure games and players seeking a challenging, skill-based experience."
B0036EWMIK,Castlevania: Lords of Shadow,"Castlevania: Lords of Shadow is an action-adventure game blending gothic horror with Metroidvania-style exploration and combat.  Designed for fans of challenging action games and classic Castlevania lore, it offers a dark and atmospheric experience."
B0036F0V4G,Metal Gear Rising Revengeance - Xbox 360,"Metal Gear Rising: Revengeance is a fast-paced action game blending stealth and over-the-top combat, appealing to fans of stylish action and challenging gameplay.  Designed for players who enjoy strategic combat and a dynamic, visceral experience, it’s a hack-and-slash title with a focus on precision and skill."
B0037Z0HEE,Resident Evil 5: Gold Edition - Xbox 360,"Resident Evil 5: Gold Edition is a cooperative third-person shooter offering intense zombie combat and strategic team-based gameplay. Primarily aimed at fans of action horror and those seeking a thrilling, immersive experience with a friend."
B003BFW4OG,Super Street Fighter IV - Playstation 3,Super Street Fighter IV is a fast-paced fighting game offering classic Street Fighter combat with modern visuals and expanded roster options.  It’s designed for competitive players and fans of traditional fighting game mechanics seeking a challenging and engaging experience.
B003BLUA64,Wii Classic Controller Pro - Black - Nintendo Wii Standard Edition,"This is a standard Wii accessory, the Classic Controller Pro, designed for players seeking a more traditional gamepad experience in games like Mario Kart or Wii Sports. It’s ideal for fans of classic Nintendo titles and those enjoying family-friendly, active gameplay on the Nintendo Wii."
B003DOSRSW,Deus Ex Human Revolution - Augmented Edition -Xbox 360,"Deus Ex Human Revolution - Augmented Edition is a first-person shooter RPG offering a complex, story-driven experience with branching paths and player choice.  Designed for fans of tactical combat and immersive narratives, this title appeals to players who enjoy strategic gameplay and cyberpunk themes."
B003HGGN82,Bulletstorm - Xbox 360,"Bulletstorm is a fast-paced, first-person shooter emphasizing chaotic gunplay and environmental destruction, appealing to players who enjoy over-the-top action and creative combat.  It’s a challenging and rewarding experience geared towards players seeking a unique and highly interactive shooter."
B003INEQ0G,NBA 2K11 - Xbox 360,"NBA 2K11 is a realistic sports simulation game focused on basketball, offering players the chance to control their favorite teams and players.  Designed for sports fans and gamers who enjoy competitive gameplay and team management, it’s a classic title for the Xbox 360."
B003IPCF02,Halo Reach - Legendary Edition,"Halo Reach – Legendary Edition is a first-person shooter offering a sprawling, cooperative campaign and intense competitive multiplayer, appealing to fans of sci-fi action and tactical gameplay. This edition provides access to the original game and all subsequent expansions, targeting experienced FPS players and those new to the Halo universe."
B003JBHG7C,L. A. Noire,"L.A. Noire is a neo-noir detective adventure game set in 1940s Los Angeles, offering players a branching narrative and investigative gameplay focused on interrogation and crime scene analysis.  It’s primarily aimed at players who enjoy story-driven experiences and classic detective mysteries."
B003JBHG90,LEGO Star Wars III: The Clone Wars,"LEGO Star Wars III: The Clone Wars is a family-friendly action-adventure game offering cooperative gameplay through iconic Star Wars battles.  Designed for players of all ages, it combines familiar LEGO mechanics with the expansive universe of The Clone Wars."
B003JVKHEQ,Call of Duty: Black Ops - Xbox 360,"Call of Duty: Black Ops is a fast-paced first-person shooter offering a tactical, modern-era military experience.  This title is primarily aimed at mature gamers and action enthusiasts seeking intense multiplayer combat and a compelling single-player campaign."
B003L77YKS,Assassin's Creed: Brotherhood - PC,"Assassin’s Creed: Brotherhood is a stealth action-adventure game where players control a clan leader rebuilding the Brotherhood in medieval Italy.  Designed for fans of open-world exploration and tactical combat, it offers a compelling narrative experience for players who enjoy strategic missions and character progression."
B003N18O5Q,Vanquish - Playstation 3,"Vanquish is a fast-paced, third-person shooter emphasizing aggressive movement and stylish combat, appealing to players who enjoy action-packed experiences and challenging gameplay.  This title delivers a high-octane experience focused on intense gunplay and is likely targeted towards fans of shooters like Devil May Cry and Metal Gear Rising."
B003NSLGW2,Grip-iT Analog Stick Covers,"This is an accessory product for video game controllers, offering a customizable and tactile gaming experience. Likely appealing to PC and console gamers seeking enhanced control and a personalized aesthetic."
B003O680RM,The Sly Collection - Playstation 3,"The Sly Collection offers a charming blend of stealth action and platforming, appealing to fans of classic adventure games and those seeking a nostalgic PlayStation 3 experience. Players will enjoy navigating intricate levels and utilizing Sly Cooper’s cunning abilities to pull off daring heists."
B003O6E800,The Legend of Zelda: Ocarina of Time 3D,"The Legend of Zelda: Ocarina of Time 3D is a classic action-adventure game offering a sprawling, open-world experience with puzzle-solving and combat.  Primarily aimed at fans of fantasy RPGs and adventure games, it’s a timeless title perfect for players seeking a nostalgic and engaging journey."
B003O6EATE,PlayStation Vita - Wifi,"This PlayStation Vita title offers a portable adventure experience, likely focusing on exploration and puzzle-solving gameplay. Targeted towards fans of indie titles and those seeking a nostalgic handheld gaming experience."
B003P9VWPA,Red Faction Armageddon - PC,"Red Faction Armageddon is a chaotic, squad-based shooter offering a blend of base-building and destructive combat, appealing to fans of military shooters and cooperative gameplay. Players take on the role of a mercenary team battling for survival against a galactic empire, targeting a primarily action-oriented audience."
B003R7JXOM,Need For Speed Hot Pursuit - Nintendo Wii,"Need for Speed: Hot Pursuit for Wii delivers high-speed arcade racing action, challenging players to pursue or be pursued in thrilling chases. This title is ideal for fans of fast-paced racing games and casual gamers seeking an accessible and exciting driving experience."
B003S3RFAY,"Warhammer 40,000: Space Marine-PS3","Warhammer 40,000: Space Marine is a fast-paced, third-person shooter offering a brutal and visceral combat experience within the grimdark universe of Warhammer 40,000.  This action-packed title is ideal for fans of intense shooting, tactical gameplay, and the iconic Warhammer 40,000 setting."
B003S9VNWE,WWE All Stars - PlayStation 2,"WWE All Stars for PlayStation 2 is a fast-paced, arcade-style wrestling game offering over-the-top action and a focus on signature moves.  It’s primarily aimed at wrestling fans and players seeking a competitive, accessible experience with iconic WWE superstars."
B003TQLLEQ,James Bond 007: Blood Stone - Xbox 360,"James Bond 007: Blood Stone is a first-person shooter offering a cinematic, action-packed experience in the iconic James Bond universe.  Designed for fans of stealth and espionage, this title delivers a thrilling adventure suitable for mature players."
B003VUO6H4,Sony Playstation 3 160GB System,"This is a classic PlayStation 3 game title, likely offering a wide selection of action, adventure, and RPG experiences for mature gamers.  Players can explore a vast library of titles from the PS3 era, enjoying immersive single-player campaigns and online multiplayer options."
B003VUO6LU,Sony PlayStation 3 Slim 320 GB Charcoal Black Console,"This is a classic PlayStation 3 console, ideal for retro gaming enthusiasts and those looking to revisit older titles.  It offers a solid foundation for playing a wide range of PS3 games, appealing to both casual and dedicated gamers."
B003YMMMFM,Call of Duty: Black Ops,"Call of Duty: Black Ops is a fast-paced first-person shooter offering a tactical, often stealth-focused, experience set during the Cold War era.  It’s primarily targeted towards mature gamers and action enthusiasts who enjoy competitive multiplayer and intense single-player campaigns."
B003ZCH7DI,Kirby's Epic Yarn,"Kirby’s Epic Yarn is a charming and whimsical platformer, offering a joyful and accessible adventure for players of all ages.  Its unique, yarn-based world and creative combat mechanics make it a delightful experience for fans of colorful, family-friendly games."
B003ZDOFF0,BioShock Infinite - PC,"BioShock Infinite is a first-person shooter adventure game set in a visually stunning, alternate America, offering a compelling story and combat-focused gameplay experience.  It’s primarily aimed at fans of action-adventure games with strong narrative elements and a mature, thought-provoking tone."
B003ZHMMEM,Donkey Kong Country Returns,"Donkey Kong Country Returns is a vibrant 3D platformer that blends classic arcade action with modern gameplay, appealing to both nostalgic fans and newcomers seeking a challenging and rewarding adventure.  Players will navigate diverse environments, collect items, and battle enemies in a side-scrolling world designed for skillful platforming and cooperative play."
B003ZSN600,Xbox 360 Wired Controller - Black,"This is a standard Xbox 360 wired controller, ideal for fans of action and adventure games seeking a responsive and reliable gaming experience. It’s a great choice for both casual and competitive players looking to enjoy classic or modern titles on the Xbox 360."
B003ZUXQD0,Enslaved: Odyssey To The West - Xbox 360,"Enslaved: Odyssey to the West is an action-adventure game blending martial arts combat with a compelling narrative, likely appealing to fans of titles like *Sekiro* and *Ghost of Tsushima*. Players control a diverse duo as they journey through ancient China, navigating challenging combat and puzzles."
B00420K18K,MLB 12 The Show - Playstation 3,"MLB 12: The Show is a realistic baseball simulation game for PlayStation 3, offering fans deep gameplay mechanics and franchise modes.  It’s primarily targeted towards baseball enthusiasts and sports gamers seeking a detailed and immersive experience."
B0044XU27A,Kingdoms of Amalur: Reckoning - Xbox 360,"Kingdoms of Amalur: Reckoning offers a sprawling open-world fantasy adventure, blending action RPG combat with deep character customization for players who enjoy immersive storytelling and exploration. This title is primarily aimed at fans of classic RPGs and those seeking a large-scale, engaging fantasy experience."
B0045U01OG,Grand Theft Auto IV & Episodes from Liberty City: The Complete Edition,"This expansive edition offers a sprawling open-world crime adventure, blending action and narrative for a mature audience. Players navigate a detailed urban environment, engaging in missions and emergent gameplay within the iconic Liberty City."
B0046A8IRC,Dragon Age Origins: Ultimate Edition - Playstation 3,"Dragon Age Origins: Ultimate Edition offers a deep, story-driven RPG experience where players build a party and explore a dark fantasy world filled with political intrigue and challenging combat. This title is ideal for fans of immersive role-playing games who enjoy strategic decision-making and character customization."
B004CVKGSY,LEGO Pirates of the Caribbean - Xbox 360,"LEGO Pirates of the Caribbean is an action-adventure game blending pirate themes with the signature LEGO gameplay, offering cooperative fun for families and fans of the franchise. Players explore a vibrant world, solving puzzles and battling enemies in a lighthearted and accessible experience."
B004D4YDPC,Grand Theft Auto: Episodes from Liberty City [Download],"This action-adventure game offers an open-world experience within the vibrant setting of Liberty City, allowing players to engage in thrilling heists and missions. Primarily targeting mature audiences, it delivers a chaotic and immersive gameplay style focused on freedom and player choice."
B004DGIYEG,Alice: Madness Returns - PC,"Alice: Madness Returns is a dark, psychological action-adventure game blending Tim Burton’s aesthetic with challenging combat and exploration.  Designed for players who enjoy story-driven experiences and a blend of action and puzzle-solving, it’s a compelling journey for fans of titles like *Dark Souls* and *BioShock*."
B004G5YI3U,Mass Effect 3 Digital Deluxe Version [Download],"Mass Effect 3 Digital Deluxe is a sprawling, narrative-driven science fiction RPG where players command a squad to combat the Reapers and shape the fate of the galaxy. This version is ideal for fans of tactical combat, character-driven stories, and expansive open-world exploration within the Mass Effect universe."
B004GUTRYK,Portal 2 - PC,"Portal 2 is a first-person puzzle game that challenges players with innovative physics-based mechanics and clever level design.  Designed for fans of strategic thinking and engaging narratives, it’s a rewarding experience for both casual and experienced gamers."
B004HD55VK,Tomb Raider,"Tomb Raider is an action-adventure game where players explore ancient tombs and ruins, solving puzzles and battling enemies in a thrilling, immersive experience. Primarily aimed at fans of adventure and exploration, the game offers a challenging yet rewarding gameplay style for both casual and experienced gamers."
B004HILZUU,God of War: Collection - Playstation 3,"This collection offers a nostalgic journey into the epic action-adventure world of God of War, featuring remastered versions of the original PlayStation 3 titles. Primarily targeting fans of Greek mythology and visceral combat, it delivers a challenging and rewarding experience for experienced action gamers."
B004HO6CQG,Binary Domain - Playstation 3,"Binary Domain is a squad-based shooter set in a cyberpunk Tokyo, offering a tactical and action-packed experience for players who enjoy third-person gunplay and narrative-driven adventures. The game’s blend of humor and mature themes makes it suitable for older teens and adults seeking a unique, stylized shooter."
B004IK89F6,Mortal Kombat: Kollector's Edition - Playstation 3,"This is a fighting game title, offering a classic Mortal Kombat experience with brutal one-on-one combat and a focus on iconic characters. Likely appealing to fans of action games and competitive fighting game enthusiasts."
B004J17XZ6,Driver San Francisco Deluxe Edition [Mac Download],"Driver San Francisco Deluxe Edition is an open-world action-adventure game centered around futuristic driving and parkour, appealing to fans of fast-paced racing and superhero-themed experiences. Players navigate a vibrant, stylized San Francisco, engaging in thrilling chases and combat while utilizing supernatural abilities."
B004K1EA5G,Dead or Alive Dimensions,"Dead or Alive Dimensions is a fast-paced, 3D fighting game featuring a roster of iconic characters and a focus on competitive one-on-one battles.  It’s primarily aimed at players who enjoy arcade-style fighting games with a strong emphasis on skill and strategic combat."
B004LLHFAW,Battlefield 3 - Playstation 3,"Battlefield 3 on PlayStation 3 is a fast-paced, large-scale first-person shooter focused on tactical combat and team-based objectives.  This title appeals to players who enjoy intense multiplayer battles and realistic military simulations."
B004OL4980,inFAMOUS 2 Hero Edition - Playstation 3,"inFAMOUS 2 Hero Edition is an action-adventure game set in a sprawling, post-apocalyptic city, offering players the chance to wield destructive superpowers and shape the narrative through their choices.  Designed for fans of open-world gameplay and superhero themes, it’s a compelling experience for mature gamers seeking dynamic combat and impactful decisions."
B004QEV0MI,Saint's Row: The Third - Xbox 360,"Saint’s Row: The Third is a chaotic open-world action-comedy game where players lead a gang through over-the-top heists and mayhem.  Designed for players seeking a lighthearted and irreverent experience with plenty of destructive fun, it’s perfect for fans of GTA-style gameplay."
B004QEWVLC,Saint's Row: The Third - Playstation 3,"Saint’s Row: The Third is a chaotic open-world action-comedy game where players lead a gang through over-the-top heists and mayhem.  Designed for players who enjoy irreverent humor and sandbox-style gameplay, it’s a fun experience for those seeking a lighthearted and destructive adventure."
B004QWYV2Q,Catherine - Alternate Boxart - Playstation 3,"Catherine is a psychological thriller adventure game centered around a compelling narrative and challenging puzzle-solving elements.  Designed for players who enjoy story-driven experiences with a focus on exploration and mental fortitude, it’s likely appealing to fans of titles like *Alan Wake* and *Heavy Rain*."
B004RMK57U,Playstation Plus: 3 Month Membership [Digital Code],"This is a digital code granting access to Playstation Plus, a subscription service primarily aimed at gamers seeking online multiplayer experiences and monthly free games. It’s suitable for PlayStation users interested in expanding their gaming library and participating in the PlayStation community."
B004RMK5QG,PlayStation Plus: 12 Month Membership [Digital Code],This is a digital subscription service offering access to a library of games and online multiplayer features. Primarily targeted towards PlayStation gamers seeking a convenient way to play a variety of titles and connect with friends.
B004S5MB1O,Shadows of the Damned - Xbox 360,"Shadows of the Damned is a dark action-horror game where players navigate a decaying New Orleans, battling grotesque creatures and uncovering a terrifying mystery.  Designed for fans of challenging combat and atmospheric exploration, it’s a mature experience best suited for players who enjoy survival horror and narrative-driven gameplay."
B004WIOHF0,Dragon's Dogma - Playstation 3,"Dragon’s Dogma is an action RPG where players embark on a dark fantasy adventure, commanding a customizable Pawn companion in a challenging combat system.  Designed for players who enjoy deep character customization, strategic battles, and epic world exploration, it’s a rewarding experience for fans of classic RPGs."
B004WLRQMI,The Legend of Zelda: Twilight Princess (Nintendo Selects),"This is a classic action-adventure game offering a sprawling fantasy world to explore, blending exploration, combat, and puzzle-solving. Primarily aimed at fans of Zelda and RPGs, it’s a great choice for players seeking a large-scale, immersive adventure."
B004XV6ST4,Kinect Sensor TV Mounting Clip - Xbox 360,"This accessory enables full-body gameplay with the Xbox 360, primarily targeting families and casual gamers seeking active, motion-controlled experiences. It expands the Kinect sensor’s capabilities for a more immersive and interactive gaming session."
B004ZX745W,Assassin's Creed: Revelations,"Assassin’s Creed: Revelations is an action-adventure game blending stealth and historical exploration, set within the final chapter of the original Assassin’s Creed trilogy.  Designed for fans of historical fiction and open-world gameplay, it offers a compelling narrative and engaging combat mechanics."
B00503E8S2,Call of Duty: Modern Warfare 3 - Xbox 360,Call of Duty: Modern Warfare 3 is a fast-paced first-person shooter offering intense multiplayer combat and a gripping single-player campaign. This title is geared towards action-oriented gamers seeking competitive online experiences and cinematic military narratives.
B00503E9FY,Call of Duty: Modern Warfare 3 - Playstation 3,Call of Duty: Modern Warfare 3 is a fast-paced first-person shooter offering intense multiplayer combat and a gripping single-player campaign. This title is geared towards action-oriented gamers seeking a competitive and immersive military shooter experience.
B0050FDE4E,FIFA Soccer 12 - Nintendo 3DS,"FIFA Soccer 12 for Nintendo 3DS is a realistic soccer simulation game offering portable gameplay for fans of the sport.  Designed for casual and competitive players, it delivers a streamlined soccer experience on the go."
B0050SVH18,Ninja Gaiden 3: Razor's Edge - Nintendo Wii U,"Ninja Gaiden 3: Razor’s Edge is a fast-paced, action-packed hack-and-slash game for experienced gamers seeking a challenging combat experience.  Players will master precise movements and brutal attacks in a visually stunning, mature action title."
B0050SVLI2,Resident Evil: Revelations,"Resident Evil: Revelations is a survival horror adventure game emphasizing strategic combat and puzzle-solving in a classic zombie-infested setting.  Designed for fans of the Resident Evil series and those who enjoy tense, exploration-based horror experiences, it offers a return to the series’ roots."
B0050SVPCO,"Amazon Basics Carrying Case for Nintendo - New 3DS XL, 3DS XL - Black (Officially Licensed by Nintendo)","This is an officially licensed accessory designed for Nintendo 3DS XL and 3DS XL systems, offering protection and organization for players. It’s a practical and straightforward product suitable for Nintendo Switch and 3DS owners seeking a secure case for their handheld games."
B0050SW1WW,Gravity Rush - PlayStation Vita,"Gravity Rush is a fast-paced action-adventure game for the PlayStation Vita, offering a unique blend of aerial combat and exploration within a vibrant, open world.  Designed for players who enjoy fluid movement and engaging combat, it’s a compelling experience for fans of titles like *Metroid* and *Devil May Cry*."
B0050SW2NA,LittleBigPlanet - PlayStation Vita,LittleBigPlanet on PlayStation Vita is a charming platformer offering creative sandbox gameplay where players build and explore vibrant worlds.  This family-friendly title appeals to fans of imaginative puzzle-solving and collaborative creation.
B0050SWBAE,Pikmin 3,"Pikmin 3 is a strategic real-time strategy game where players command tiny plant-like creatures to explore and solve puzzles on alien planets.  Designed for players who enjoy tactical challenges and creative problem-solving, it’s a rewarding experience for both casual and dedicated gamers."
B0050SWNZW,Puppeteer - Playstation 3,"Puppeteer is a stealth-action game for the PlayStation 3, challenging players to infiltrate heavily guarded facilities and complete missions using cunning and disguise.  Designed for fans of tactical gameplay and immersive espionage experiences, it offers a tense and rewarding experience."
B0050SX9I2,Sony PS3 Media/Blu-ray Disc Remote Control,"This remote control accessory is a must-have for Sony PlayStation 3 owners, offering convenient control of media playback and Blu-ray disc navigation. Primarily aimed at PS3 users, it enhances the entertainment experience for movie and music enthusiasts."
B0050SXI6K,Ratchet & Clank Collection,"Ratchet & Clank Collection offers a fast-paced, third-person action-adventure experience filled with inventive weaponry and humorous platforming. This collection is ideal for fans of family-friendly action games and those seeking a nostalgic trip back to classic PlayStation titles."
B0050SXVK8,God of War Origins Collection - Playstation 3,"This collection offers a nostalgic return to the roots of the God of War franchise, delivering a brutal, action-adventure experience with a focus on epic combat and mythological storytelling. Primarily aimed at fans of action games and those interested in Greek mythology, it’s a challenging and rewarding experience for mature players."
B0050SYY5E,Halo: Combat Evolved Anniversary,"Halo: Combat Evolved Anniversary is a remastered first-person shooter offering a nostalgic return to the classic sci-fi combat experience.  Designed for fans of action-packed shooters and those seeking a refined, updated version of a legendary game, it’s primarily aimed at a mature audience."
B0050SZ7IC,Dark Souls Collector's Edition - Playstation 3,"This is a challenging action RPG set in a dark fantasy world, emphasizing strategic combat and exploration for dedicated gamers.  Designed for players who enjoy demanding gameplay and immersive, atmospheric experiences, the Dark Souls Collector’s Edition offers a comprehensive experience."
B0051D8PGM,Hitman: Absolution [Download],"Hitman: Absolution is a stealth-action game focused on intricate assassinations and strategic planning, appealing to players who enjoy tactical gameplay and a mature, suspenseful experience.  The game offers a blend of open-world exploration and focused missions, targeting fans of espionage and simulation genres."
B0053B5RGI,Pokémon X,"Pokémon X is a classic role-playing game where players explore a vibrant world, collect and train creatures, and battle trainers to become the ultimate champion.  It’s a highly accessible adventure designed for fans of creature collection, strategic battles, and engaging stories, typically appealing to younger audiences and casual gamers."
B0053B66KE,Pokémon Y,"Pokémon Y is a classic role-playing game where players explore a vibrant world, collecting and training Pokémon to battle other trainers and gym leaders.  Designed for fans of adventure and creature collection, it offers a nostalgic experience for all ages."
B0053BCO00,Mario Kart 7,"Mario Kart 7 is a fast-paced, arcade-style racing game perfect for players of all ages who enjoy competitive kart racing and chaotic multiplayer fun.  It offers accessible controls and vibrant tracks, making it ideal for families and casual gamers."
B0053BCP40,Luigi's Mansion: Dark Moon,"Luigi’s Mansion: Dark Moon is a spooky adventure game where players explore haunted mansions and capture ghosts using a vacuum cleaner.  Designed for fans of puzzle-solving and lighthearted exploration, it’s a charming experience for families and those who enjoy a unique take on the action-adventure genre."
B0055202HE,UNCHARTED Greatest Hits Dual Pack - Playstation 3,"This Dual Pack offers a collection of classic action-adventure titles, delivering thrilling exploration and combat gameplay reminiscent of the *Uncharted* series. Primarily aimed at fans of cinematic action-adventure games and players seeking nostalgic experiences, it’s a great way to revisit beloved adventures."
B0055Q175G,Resistance 3 - Playstation 3,"Resistance 3 is a third-person shooter set in a post-apocalyptic New York City, offering intense, linear campaign gameplay focused on tactical combat.  This action-packed title is primarily aimed at fans of military shooters and those seeking a challenging, story-driven experience."
B0056WJA30,Darksiders II - Xbox 360,"Darksiders II is an action-adventure game blending hack-and-slash combat with puzzle-solving, appealing to fans of challenging combat and mythological themes.  Players take on the role of one of the Horsemen of the Apocalypse, exploring a dark fantasy world and battling hordes of enemies."
B005A0MBR0,Forza Motorsport 4 - Xbox 360,"Forza Motorsport 4 is a realistic racing simulation game for the Xbox 360, offering players a deep and engaging experience focused on competitive car tuning and track mastery.  It’s primarily aimed at racing enthusiasts and gamers who enjoy detailed vehicle customization and challenging driving scenarios."
B005C7JOH6,Rocksmith,"Rocksmith is a rhythm-based game where players learn to play guitar by recording and replicating songs, appealing to aspiring musicians and music fans. The game offers a unique blend of music learning and gameplay, targeting a broad audience interested in both rhythm games and guitar simulation."
B005FYJA52,Super Mario Galaxy (Nintendo Selects),"Super Mario Galaxy is a vibrant 3D platformer offering expansive cosmic adventures and challenging puzzles. This Nintendo Selects edition is ideal for fans of classic Mario gameplay and families seeking a joyful, imaginative experience."
B005GISPMQ,Pro Evolution Soccer 2012 - PlayStation 2,"Pro Evolution Soccer 2012 is a realistic football simulation game for the PlayStation 2, offering players a deep and engaging experience focused on tactical gameplay and competitive matches.  It’s primarily aimed at football fans and players who enjoy strategic sports simulations."
B005GISQ9S,Metal Gear Solid: HD Collection - PS Vita [Digital Code],"This HD Collection offers a classic stealth action experience, blending tactical gameplay with intricate espionage themes. Primarily aimed at fans of the original Metal Gear Solid series and strategy gamers, it delivers a refined port for the PS Vita."
B005GISQX4,Borderlands 2 - 4 Pack [Download],"Borderlands 2 - 4 Pack is a looter-shooter RPG offering chaotic cooperative gameplay for players who enjoy over-the-top action and humorous storylines. This collection is ideal for fans of Borderlands and those seeking a fun, accessible experience with friends."
B005JQNEO4,Silent Hill HD Collection - Xbox 360,"The Silent Hill HD Collection offers a psychological horror experience centered around exploration and puzzle-solving within a disturbing, atmospheric environment.  This collection is best suited for mature players who enjoy slow-burn horror and narrative-driven games with a focus on unsettling themes."
B005OGKBPE,Syndicate - Origin PC [Online Game Code],"Syndicate - Origin PC is a cyberpunk tactical strategy game where players command a criminal empire through online control and resource management.  Designed for fans of strategy, simulation, and cyberpunk settings, it offers a challenging experience focused on building and expanding your network."
B005OGKYVK,Far Cry 3,"Far Cry 3 is an open-world action-adventure game where players explore a tropical island, completing missions and battling enemies in a first-person shooter style.  It’s typically recommended for players who enjoy immersive experiences with a focus on combat, exploration, and character progression."
B005OGL766,LEGO Harry Potter: Years 5-7 - Playstation 3,"This action-adventure game offers a playful and engaging experience, allowing players to explore iconic moments from the final Harry Potter books through familiar LEGO gameplay. Primarily aimed at fans of the Harry Potter series and younger players, it combines puzzle-solving with combat and cooperative play."
B005OGPTSS,Red Dead Redemption: Game of the Year Edition - Xbox One and Xbox 360,"Red Dead Redemption: Game of the Year Edition offers a sprawling open-world Western adventure, blending immersive storytelling with engaging gunplay and exploration. This edition is ideal for fans of action-adventure games and those seeking a classic, expansive narrative experience."
B005YR308S,Heavy Rain: Director's Cut PS3,"Heavy Rain: Director’s Cut is a narrative-driven adventure game emphasizing cinematic storytelling and player choice within a suspenseful thriller genre.  Designed for fans of interactive dramas and psychological horror, it offers a deeply immersive experience focused on character relationships and branching storylines."
B006HZA8EA,UFC Undisputed 3,"UFC Undisputed 3 is a free-to-play fighting game that allows players to step into the Octagon and compete against iconic UFC fighters in realistic, physics-based combat.  Designed for casual and competitive fans of mixed martial arts and fighting games, it offers accessible gameplay with a focus on skill and strategy."
B006PP404Q,PlayStation Vita Protective Film - Two Pack,"This protective film is ideal for PlayStation Vita owners seeking to safeguard their console from scratches and damage. Targeted towards gamers and collectors, it offers a simple and effective way to maintain the Vita’s appearance and value."
B006PP41Q8,PlayStation Vita Travel Pouch,This accessory is a practical pouch designed for transporting and protecting your PlayStation Vita handheld console and its dock. Likely appealing to Vita owners seeking convenience and on-the-go gaming experiences.
B006VR689I,South Park: The Stick of Truth - PC,"South Park: The Stick of Truth is a comedic RPG where players navigate absurd situations and make choices within the irreverent world of South Park.  Designed for fans of RPGs and those who enjoy satirical humor, it offers a lighthearted and engaging adventure for mature teens and adults."
B006WVJWUA,Tekken Tag Tournament 2 PS3,"Tekken Tag Tournament 2 is a fighting game offering fast-paced, strategic 2v2 battles with a focus on tag mechanics and a deep roster of iconic characters. Primarily aimed at competitive fighting game enthusiasts and players seeking a technically rewarding experience, it’s a great choice for those who enjoy strategic team play."
B006YDPU48,Dark Souls II - Playstation 3,"Dark Souls II is a challenging action RPG offering a punishing but rewarding experience focused on strategic combat and exploration.  Designed for players who enjoy demanding gameplay and a dark fantasy world, it’s a great choice for those seeking a test of skill and perseverance."
B0071NH8B8,PlayStation Vita 3G/Wi-Fi Bundle,"This PlayStation Vita bundle offers a classic handheld gaming experience, primarily focused on RPGs and action titles with a strong emphasis on single-player adventures. It’s ideal for fans of portable gaming and those seeking a nostalgic return to titles like Persona and Monster Hunter."
B0077LRPSA,Sleeping Dogs - Playstation 3,"Sleeping Dogs is a gritty open-world action-adventure game where players navigate a criminal underworld as a police officer turned undercover operative.  Designed for fans of mature storylines and intense, realistic combat, it offers a unique blend of martial arts and gunplay."
B0079V4FAY,"XCOM: Enemy Unknown Special Edition - PC (Includes: Game, DLC, Artbook, Poster & Soundtrack)","XCOM: Enemy Unknown Special Edition is a turn-based tactical strategy game where players command a resistance force against an alien invasion. Designed for strategy enthusiasts and RPG fans, this edition offers a deep and challenging experience with all available content included."
B007CM0K86,The Last of Us - PlayStation 3,"The Last of Us for PlayStation 3 is a narrative-driven action-adventure game focused on survival and stealth, appealing to fans of mature storytelling and challenging gameplay. Players navigate a post-apocalyptic world, engaging in tense encounters and resource management as they protect a young girl."
B007CSF3GO,The Last Story - Nintendo Wii,"The Last Story is an action RPG offering a classic, story-driven experience with tactical combat, appealing to fans of JRPGs and players who enjoy immersive narratives.  It’s designed for those seeking a traditional fantasy adventure with a focus on character development and a sprawling world to explore."
B007G69KPM,Spec Ops: The Line [Download],"Spec Ops: The Line is a tactical shooter that blends intense combat with a morally complex narrative, challenging players to confront the consequences of their actions.  Designed for fans of military shooters and narrative-driven experiences, it’s a dark and thought-provoking game exploring themes of war and humanity."
B007RNWUC4,XenoBlade Chronicles,"XenoBlade Chronicles is a fast-paced action RPG blending sci-fi exploration with visceral combat, likely appealing to fans of games like Star Wars: Knights of the Old Republic and Diablo. Players will embark on a galactic adventure, battling alien foes and shaping the fate of a sprawling universe."
B007VM72BA,NBA 2K13 - Sony PSP,"NBA 2K13 for PSP is a realistic basketball simulation game offering a full NBA experience on a portable console.  Designed for fans of basketball and sports simulation, it provides a casual and engaging gameplay style suitable for both single-player and multiplayer modes."
B007W8S2MG,Persona 4 Golden - PlayStation Vita,"Persona 4 Golden is a stylish JRPG where players investigate supernatural mysteries alongside friends, blending social simulation with turn-based combat.  Designed for fans of character-driven stories and strategic RPG gameplay, it’s a compelling experience for those seeking a deep and engaging adventure."
B007WPGS8O,DMC: Devil May Cry,"Devil May Cry is a fast-paced action game blending stylish demon-slaying combat with a dark fantasy setting.  Designed for players who enjoy challenging action and rewarding skillful gameplay, it’s a thrilling experience for fans of hack-and-slash and character action games."
B007X5103Q,The Walking Dead [Online Game Code],"The Walking Dead Online Game is a cooperative survival horror experience where players must scavenge, build, and defend against hordes of zombies.  Designed for fans of strategy and team-based gameplay, it’s aimed at players who enjoy challenging survival scenarios and narrative-driven experiences."
B0080CAOYM,Call of Duty: Black Ops 2 [Download],"Call of Duty: Black Ops 2 is a fast-paced first-person shooter offering a campaign focused on global espionage and a robust multiplayer experience. This title is geared towards action-oriented gamers seeking competitive online combat and thrilling, cinematic gameplay."
B0083GAF12,FIFA Soccer 13 [Download],"FIFA Soccer 13 is a realistic sports simulation game focused on soccer gameplay, appealing to fans of competitive team sports and casual players alike.  Players can manage teams, control individual players, and compete in various leagues and tournaments."
B0083GAF9E,Dragon's Crown - Playstation 3,"Dragon’s Crown is a challenging action RPG with a focus on cooperative 2-4 player combat, featuring stunning hand-drawn art and a rewarding loot system.  It’s designed for players who enjoy classic dungeon crawling and team-based action experiences."
B0083ZYFPA,Kingdom Hearts 3D Dream Drop Distance,"Kingdom Hearts 3D: Dream Drop Distance is a 3D action RPG blending Disney and Final Fantasy worlds, offering cooperative gameplay for players who enjoy collecting, exploring, and engaging in strategic battles. Primarily aimed at fans of both Disney and JRPG franchises, it’s a great choice for those seeking a charming and adventure-filled experience."
B0086VPUHI,Grand Theft Auto V: Premium Edition - Xbox One [Digital Code],"Grand Theft Auto V: Premium Edition offers an open-world action-adventure experience with a focus on criminal activities and player choice. This title is primarily aimed at mature gamers seeking a sprawling, immersive sandbox game with a strong emphasis on freedom and emergent gameplay."
B0086VPV86,Max Payne - PlayStation 2,"Max Payne for PlayStation 2 is a dark, noir-inspired action game featuring slow-motion gunplay and a compelling detective narrative.  It’s primarily targeted towards fans of action-oriented games with a focus on stylish combat and a mature storyline."
B0087ACBAW,Rayman Origins [Download],"Rayman Origins is a vibrant 2D action-platformer offering classic side-scrolling gameplay with cooperative multiplayer, appealing to fans of nostalgic platforming and families. Players control Rayman and his friends as they journey through diverse worlds to defeat the evil Globox."
B00884S5N4,Dead Space 3 – PC Origin [Online Game Code],"Dead Space 3 is a third-person survival horror shooter focused on intense combat and strategic resource management.  Designed for fans of challenging action and atmospheric sci-fi, this PC version offers a visceral experience for players seeking a demanding and immersive game."
B0088TN5FM,Tom Clancy's Splinter Cell Blacklist(XBox 360),"Tom Clancy’s Splinter Cell Blacklist is a stealth-action game where players utilize tactical skills and gadgets to infiltrate secure locations. Designed for fans of tactical espionage and single-player experiences, it offers a challenging and immersive gameplay style."
B0088TN73M,Injustice: Gods Among Us - Collector's Edition - Playstation 3,"Injustice: Gods Among Us is a fighting game blending superhero combat with a dark, narrative-driven story, appealing to fans of action and DC Comics. This Collector’s Edition offers a premium experience for players seeking strategic battles and a compelling storyline featuring iconic characters."
B0088TN7NW,Just Dance 4,Just Dance 4 is a rhythm game that encourages active fun and social dancing for players of all ages and skill levels.  It’s designed for casual gamers and families looking for a lighthearted and energetic experience.
B008B2ZKK4,Castlevania: Lords of Shadow 2 - Playstation 3,"Castlevania: Lords of Shadow 2 is a dark action-adventure game blending Metroidvania exploration with third-person combat, appealing to fans of challenging action titles and gothic horror themes. Players navigate a sprawling castle environment, battling enemies and uncovering a dark narrative, likely targeting experienced gamers and horror enthusiasts."
B008CP6MA2,PS3 God of War: Saga Collection - 2 Disc,"This collection offers a remastered experience of classic God of War titles, delivering a sprawling action-adventure journey through ancient Greece and Norse mythology. Primarily aimed at fans of action combat and epic storytelling, it’s a great entry point for newcomers and a nostalgic revisit for veterans."
B008CP6RWU,PS3 Journey Collection,"The PS3 Journey Collection offers a visually stunning and emotionally resonant adventure game, blending exploration and puzzle-solving for a contemplative and rewarding experience. Primarily aimed at players who enjoy atmospheric journeys and narrative-driven gameplay, this collection provides a unique and memorable experience."
B008GEH9HO,Nintendo 3DS XL - Blue/Black [Old Model] Games Included,"This Nintendo 3DS XL bundle offers a nostalgic gaming experience, primarily targeting fans of classic handheld titles and casual gamers seeking a portable adventure. The included games provide a diverse selection of older Nintendo experiences, perfect for those enjoying retro gameplay."
B008KGN9DG,Angry Birds Trilogy - Nintendo Wii,"This Wii title offers a physics-based puzzle game where players slingshot colorful birds to destroy structures, appealing to families and casual gamers.  The Angry Birds Trilogy provides accessible, chaotic gameplay perfect for multiplayer fun and strategic thinking."
B008M502H6,Deadpool - PlayStation 3,"Deadpool – PlayStation 3 is a fast-paced, action-packed third-person shooter offering chaotic combat and irreverent humor.  Primarily aimed at fans of superhero action and those seeking a lighthearted, over-the-top gaming experience."
B008PQU3E4,PS3 Killzone Trilogy Collection - 2 Disc,"This collection offers a compelling first-person shooter experience set in a futuristic sci-fi universe, appealing to fans of tactical combat and immersive world-building. The Killzone Trilogy Collection provides a substantial campaign for players seeking a challenging and engaging military shooter."
B0094BM8VK,Forza Horizon Limited Edition -Xbox 360,"This is a racing game offering open-world exploration and competitive arcade-style driving, primarily targeting fans of fast-paced automotive experiences.  The Xbox 360 edition provides a nostalgic experience for racing enthusiasts and casual gamers alike."
B0099OUMAQ,Sonic & All-Stars Racing Transformed (Nintendo Selects) - Nintendo Wii U,"This kart racing game blends Sonic’s signature speed with transforming vehicles for a dynamic and competitive experience. Primarily aimed at fans of Sonic the Hedgehog and casual racing gamers, it’s a fun and accessible title for the whole family."
B009AFLXQQ,Nintendo Wii U Pro Controller - Black,"This is an accessory for the Nintendo Wii U, expanding the console’s gaming experience and appealing to players seeking enhanced control options. Primarily targeting Wii U owners interested in a more precise and comfortable gameplay style across a wide range of titles."
B009AGXH64,Nintendo Wii U Console - 32GB Black Deluxe Set,"This Nintendo Wii U Deluxe Set offers a gateway to a unique, family-friendly gaming experience centered around motion controls and innovative dual-screen gameplay. Ideal for casual gamers and families seeking a different approach to console gaming."
B009DL2TBA,PlayStation 3 500 GB System,"This PlayStation 3 system is ideal for fans of classic and modern action-adventure games, offering a gateway to a vast library of titles. Primarily targeting gamers seeking a retro experience or a solid entry point into the PlayStation ecosystem, it’s a versatile platform for both single-player and multiplayer experiences."
B009GE3WUQ,Nintendo Nunchuk Controller - White,"This is a peripheral accessory for Nintendo systems, primarily targeting players seeking a standard controller experience for games like Mario or Zelda. It’s a foundational component for classic and modern Nintendo gameplay."
B009GE437W,"Remote Plus, Mario - Nintendo Wii","Remote Plus transforms the classic Mario gameplay into a motion-controlled adventure, appealing to fans of Nintendo’s platforming games seeking a more active and immersive experience. This title offers a family-friendly, accessible experience for players of all ages who enjoy traditional Mario titles with a modern twist."
B009NRO1J2,Wii U Precision Screen Filter,"This Wii U title appears to be a puzzle game utilizing a unique visual filter mechanic, likely targeting players who enjoy strategic thinking and manipulating perspectives. The Precision Screen Filter offers a relaxing yet engaging experience for those seeking a cerebral challenge."
B009SPZ11Q,BioShock Infinite [Download],"BioShock Infinite is a first-person shooter adventure game set in a visually stunning, alternate America, offering a compelling story and combat-focused gameplay experience.  It’s likely appealing to fans of action-adventure games with strong narrative elements and a mature audience."
B009XGZTKI,Mass Effect Trilogy - Xbox 360,"The Mass Effect Trilogy offers a sprawling, epic science fiction RPG experience where players shape the fate of the galaxy through impactful choices and squad-based combat.  Designed for fans of immersive storytelling and strategic gameplay, this trilogy is ideal for players who enjoy grand narratives and character-driven adventures."
B00A63GL4A,Saints Row the Third - The Full Package [Download],"Saints Row: The Third is a chaotic open-world action-comedy game where players build a criminal empire through over-the-top missions and customizable mayhem.  This downloadable version is likely aimed at fans of irreverent humor and sandbox gameplay seeking a wild, explosive experience."
B00AKIPBNS,Fire Emblem: Awakening,"Fire Emblem: Awakening is a tactical role-playing game where players strategically command a party of heroes in turn-based battles, appealing to fans of challenging strategy and character-driven narratives.  Designed for players who enjoy deep combat systems and building relationships with a diverse cast of characters, it’s a rewarding experience for strategy enthusiasts."
B00ANZR6M2,MLB 13 The Show - PlayStation Vita,"MLB 13: The Show offers a realistic baseball simulation experience for the PlayStation Vita, focusing on authentic gameplay and team management. This title is primarily aimed at baseball fans and simulation game enthusiasts seeking a portable, immersive experience."
B00B7UHWB2,Resident Evil: Revelations - Xbox 360,"Resident Evil: Revelations on Xbox 360 is a survival horror adventure game emphasizing exploration, puzzle-solving, and tense combat encounters.  Designed for fans of classic Resident Evil and action-oriented horror experiences, it offers a challenging and atmospheric single-player campaign."
B00B7UNO4Q,Dragon's Dogma: Dark Arisen - Xbox 360,"Dragon’s Dogma: Dark Arisen is an action RPG offering a challenging combat experience focused on strategic monster hunting and party building.  Designed for players who enjoy deep combat systems and a fantasy world with a focus on cooperative gameplay, it’s best suited for fans of games like Dark Souls and Monster Hunter."
B00B9775W4,BioShock Ultimate Rapture Edition - Xbox 360,"This Xbox 360 title, BioShock Ultimate Rapture Edition, is a first-person shooter offering a narrative-driven experience within a dystopian underwater setting.  Designed for fans of immersive storytelling and tactical combat, it’s a compelling adventure for players who enjoy atmospheric world-building and challenging gameplay."
B00BCX2AZW,Monster Hunter 3 Ultimate - Nintendo Wii U,"Monster Hunter 3 Ultimate is an action RPG where players track and battle massive monsters in a vast, open world.  Designed for players who enjoy challenging combat, crafting, and cooperative gameplay, it’s a rewarding experience for both seasoned hunters and newcomers to the genre."
B00BER9YFA,Midnight Club: Los Angeles (Platinum Hits),"Midnight Club: Los Angeles is a high-octane racing game set in the vibrant streets of Los Angeles, offering arcade-style gameplay and competitive challenges for fans of fast-paced racing.  Designed for players who enjoy drifting, customization, and thrilling street races, it’s a nostalgic title appealing to both casual and experienced racing gamers."
B00BGA9WK2,PlayStation 4 500GB Console [Old Model][Discontinued],"This is a discontinued PlayStation 4 console, suitable for players seeking a budget-friendly entry point into the PlayStation ecosystem and classic gaming experiences. Primarily targeting casual and core gamers looking to play older titles or explore the PS4 library."
B00BGA9X9W,DualShock 4 Wireless Controller for PlayStation 4 - Jet Black [Old Model],"This is a standard PlayStation 4 controller, suitable for players of all skill levels enjoying action games, racing titles, and other games on the PlayStation 4 platform. It’s a reliable and affordable option for both casual and dedicated gamers."
B00BGAA0SU,inFAMOUS: Second Son Limited Edition (PlayStation 4),"inFAMOUS: Second Son is an action-adventure game set in a sprawling, open-world city, offering players the ability to harness destructive powers and shape the narrative through their choices.  Designed for fans of superhero stories and immersive gameplay, it’s a compelling experience for mature gamers seeking a dynamic action title."
B00BGAA3S2,PlayStation 4 Camera (Old Model),"This is a peripheral accessory for the PlayStation 4, primarily used for streaming and recording gameplay footage. It’s likely targeted towards content creators and gamers interested in capturing and sharing their gaming experiences."
B00BHRD4BM,Destiny Expansion II: House of Wolves - PS4 [Digital Code],"Destiny Expansion II: House of Wolves is a first-person shooter action RPG offering cooperative gameplay and a compelling sci-fi narrative. Targeted towards fans of expansive looter shooters and team-based combat, this expansion delivers a challenging experience for seasoned players and newcomers alike."
B00BIXYIU6,Diablo III,"Diablo III is an action RPG offering fast-paced dungeon crawling and loot collection, appealing to fans of dark fantasy and challenging combat. Players will enjoy building powerful characters and battling hordes of demons in a cooperative multiplayer experience."
B00BN5T30E,Assassin's Creed IV Black Flag - PC,"Assassin’s Creed IV: Black Flag is an action-adventure RPG set in the Caribbean during the Golden Age of Piracy, offering naval combat and open-world exploration. This title is ideal for players who enjoy historical settings, strategic gameplay, and a blend of stealth and adventure."
B00BQI3UQG,Donkey Kong Country Returns 3D,"Donkey Kong Country Returns 3D is a vibrant 3D platformer that blends classic arcade action with modern gameplay, appealing to both nostalgic fans and newcomers seeking a challenging and rewarding adventure. This game offers tight controls and diverse levels, primarily targeting players who enjoy collecting, exploring, and overcoming obstacles."
B00BQVXUOA,Halo 4 - Xbox 360 (Standard Game),"Halo 4 is a first-person shooter offering a thrilling sci-fi campaign focused on intense combat and vehicle gameplay. This title is ideal for fans of action-packed shooters and single-player experiences, primarily targeting a mature audience."
B00BQVXVYY,LEGO: Marvel - PC,"LEGO: Marvel is a cooperative action-adventure game where players build and battle alongside iconic Marvel superheroes.  Designed for families and LEGO fans, it offers accessible gameplay and creative building mechanics suitable for all ages."
B00BRQN2EM,Saints Row IV,"Saints Row IV is a chaotic open-world action-comedy game where players build a criminal empire through over-the-top violence and outlandish missions.  Designed for players seeking a humorous and destructive experience, it’s best suited for fans of action games with a playful, irreverent tone."
B00BSWYN2K,Saints Row IV: Online Pass - PS3 [Digital Code],"Saints Row IV: Online Pass is a chaotic open-world action game offering over-the-top mayhem and customization, appealing to players who enjoy irreverent humor and sandbox-style gameplay. This digital code provides access to the online component of the game, targeting fans of the Saints Row series and action RPGs."
B00BZS9JV2,Rayman Legends [Download],Rayman Legends is a vibrant 2D platformer offering fast-paced action and cooperative gameplay for players of all ages.  It’s a delightful adventure perfect for families and fans of classic platforming titles.
B00C1TTF86,Battlefield 4 - Playstation 3,"Battlefield 4 on PlayStation 3 is a large-scale, first-person shooter offering intense multiplayer battles and tactical combat. This title is best suited for players who enjoy competitive online shooters with a focus on teamwork and large-scale warfare."
B00CEGCN76,Thief Xbox one,"Thief for Xbox One is a stealth-action game where players utilize shadows and cunning to infiltrate heavily guarded locations.  Designed for fans of immersive stealth experiences and tactical gameplay, it’s ideal for players who enjoy a challenging and rewarding approach to crime."
B00CES8EFY,NBA 2K14 - Xbox 360,"NBA 2K14 is a realistic sports simulation game focused on basketball, offering players the chance to control their favorite teams and players.  Designed for sports fans and gamers who enjoy competitive gameplay and team management, it’s a core title for the Xbox 360."
B00CISMP8M,FIFA 14 - Xbox 360,"FIFA 14 is a realistic sports simulation game focused on soccer gameplay, appealing to fans of competitive team-based sports and casual gamers alike. Players control their favorite teams and athletes in a dynamic environment, striving for victory through strategic tactics and skillful execution."
B00CJ9OTNE,Call of Duty Ghosts - PS3 [Digital Code],"Call of Duty Ghosts is a first-person shooter offering fast-paced, multiplayer action and a single-player campaign focused on espionage. This title is geared towards fans of the Call of Duty franchise and competitive online gaming experiences."
B00CMQTUSS,Xbox One Wireless Controller (Without 3.5 millimeter headset jack),"This is a standard Xbox One controller, ideal for players of all skill levels seeking a reliable input device for console gaming. Primarily targeted at gamers and those looking for a replacement controller for Xbox One titles."
B00CMQTUY2,Xbox One Wireless Controller and Play & Charge Kit (Without 3.5 millimeter headset jack),"This Play & Charge Kit is ideal for Xbox One gamers seeking a convenient charging solution and extended playtime. Primarily targeting casual and core players, it offers a wireless control experience without the need for a headset jack."
B00CMQTVK0,Xbox One with Kinect (Day One Edition),This Xbox One with Kinect bundle offers a motion-controlled gaming experience primarily focused on family-friendly active gameplay.  Ideal for casual gamers and families seeking a more interactive and physical approach to console gaming.
B00CTKHXFO,Metal Gear Solid: The Legacy Collection,"Metal Gear Solid: The Legacy Collection offers a sprawling stealth action experience, blending tactical espionage with cinematic storytelling. This collection is ideal for fans of classic action-adventure games and those seeking a deep, immersive narrative with challenging gameplay."
B00D3XXOTK,Metro Last Light - Playstation 3,"Metro Last Light is a post-apocalyptic first-person shooter offering a tense, atmospheric experience focused on survival and resource management.  Designed for fans of immersive shooters and dystopian narratives, it’s a challenging game best suited for players who enjoy strategic combat and a bleak world."
B00D7B9M0I,Skylanders SWAP Force Value Bundle Starter Pack - Wii U,"Skylanders SWAP Force Value Bundle is an action-adventure game where players collect and battle fantastical characters using a unique portal mechanic.  Designed for families and younger gamers, it offers cooperative gameplay and vibrant, collectible characters."
B00DB2BI8M,Rocksmith 2014 Edition - PC/Mac (Cable Included),"Rocksmith 2014 Edition is a rhythm-based game that allows players to learn and play songs on their own instruments via a connected PC or Mac.  Designed for aspiring musicians and music fans, it offers a unique and engaging gameplay experience focused on guitar learning and performance."
B00DBDPOZ4,Xbox One Play and Charge Kit,"This Xbox One Play and Charge Kit provides a convenient way to extend your gaming sessions, offering a portable charging solution primarily for casual and core gamers. It’s ideal for players who enjoy on-the-go gaming or want to keep their console powered up during extended playtimes."
B00DBLBMBQ,The Order: 1886 - PlayStation 4,"The Order: 1886 is a third-person shooter set in an alternate Victorian England, blending tactical combat with a compelling narrative.  Designed for fans of action-adventure games with a focus on historical settings and challenging gameplay, it’s best suited for players who enjoy strategic combat and immersive world-building."
B00DBRNQZ0,Dead or Alive 5 Ultimate - PS3,"Dead or Alive 5 Ultimate is a fast-paced, 3D fighting game featuring stunning visuals and acrobatic combat.  Designed for competitive players and fans of arcade-style fighting games, it offers a challenging and stylish experience."
B00DC7G0GG,Super Mario 3D World - Nintendo Wii U,"Super Mario 3D World is a vibrant 3D platformer offering cooperative gameplay for families and fans of classic Mario adventures. Players will enjoy exploring imaginative levels and tackling challenges with friends or solo, appealing to a broad audience including casual and experienced gamers."
B00DC7G2W8,Mario Kart 8 - Nintendo Wii U,"Mario Kart 8 for Nintendo Wii U is a fast-paced, arcade-style racing game perfect for families and fans of competitive kart racing. Players will enjoy chaotic multiplayer battles and colorful tracks designed for all skill levels."
B00DC7O77A,Donkey Kong Country Tropical Freeze - Nintendo Wii U,"Donkey Kong Country: Tropical Freeze is a challenging 3D platformer focused on precise timing and level mastery, appealing to players who enjoy tight controls and rewarding exploration. This game offers a vibrant and engaging experience for both seasoned platforming fans and newcomers seeking a demanding but ultimately satisfying adventure."
B00DDILSBG,Final Fantasy XV Deluxe Edition - PlayStation 4,"Final Fantasy XV Deluxe Edition offers a sprawling, open-world action RPG experience centered around a tight-knit group of friends.  Designed for fans of epic fantasy adventures and immersive storytelling, this title delivers a dynamic combat system and a deeply engaging narrative."
B00DM2AJ0Y,Deus Ex Human Revolution: Director's Cut - Nintendo Wii U,"Deus Ex Human Revolution: Director’s Cut offers a tactical, first-person shooter experience with RPG elements, emphasizing player choice and exploration. This immersive title is geared towards fans of immersive action games and those who appreciate a complex, story-driven adventure."
B00DTY9B0O,Titanfall Collector's Edition,"Titanfall Collector’s Edition offers a fast-paced, first-person shooter experience blending futuristic combat with giant mech battles, appealing to fans of action and sci-fi enthusiasts. This edition provides a premium collection for players seeking a deeper dive into the game’s universe and tactical gameplay."
B00DV16N6U,Ratchet and Clank: Into the Nexus - PS3,"Ratchet and Clank: Into the Nexus is a third-person shooter adventure game blending fast-paced combat with puzzle-solving, appealing to fans of action-adventure and family-friendly gaming. Players control Ratchet and Clank as they explore diverse worlds and battle robotic enemies, offering a fun experience for both casual and experienced gamers."
B00EQNP8F4,Microsoft Xbox LIVE 12 Month Gold Membership (Physical Card),"This physical card grants access to Xbox LIVE, primarily targeting gamers seeking online multiplayer experiences and access to a library of downloadable games. It’s ideal for players wanting to connect with friends and enjoy a wide range of Xbox titles."
B00FM5IY0Q,Dead Rising 3,"Dead Rising 3 is a survival horror action game where players scavenge resources and utilize creative weaponry to survive hordes of zombies.  Designed for fans of intense combat and open-world exploration, it offers a challenging experience for players who enjoy strategic resource management and over-the-top action."
B00G0OYHCW,Nintendo Wii U Deluxe Set: Super Mario Bros U & Luigi U (32 GB),"This Nintendo Wii U Deluxe Set offers a family-friendly experience with vibrant, platforming adventures featuring Mario and Luigi. Primarily aimed at casual gamers and families, it delivers cooperative gameplay and charming levels for all ages."
B00G2EVF3E,Plants vs. Zombies Garden Warfare - PC Instant Access,"Plants vs. Zombies Garden Warfare is a chaotic, team-based shooter blending tower defense elements with fast-paced combat, appealing to fans of lighthearted action and cooperative gameplay.  Designed for players seeking a fun and accessible shooter experience with a quirky, humorous theme."
B00G6GQL0A,XCOM: Enemy Within,"XCOM: Enemy Within is a turn-based tactical strategy game where players command a resistance force against an alien occupation. Designed for strategy enthusiasts and sci-fi fans, the game emphasizes challenging combat and resource management."
B00GM5TPSA,Grand Theft Auto Vice City,"Grand Theft Auto Vice City is an open-world action-adventure game offering a vibrant 1980s setting filled with crime, heists, and a sprawling cityscape.  Designed for mature players seeking a chaotic and immersive experience with a focus on freedom and player choice."
B00GM5W5H8,DuckTales - Remastered 360 - Xbox 360,"DuckTales Remastered 360 is a classic platforming adventure game offering nostalgic gameplay for fans of the original series.  Designed for families and casual gamers, it delivers charming exploration and collect-a-thon challenges."
B00GOZSR96,Killzone: Shadow Fall (PlayStation 4),"Killzone: Shadow Fall is a first-person shooter offering a cinematic campaign blending futuristic sci-fi with grounded military action.  Designed for fans of intense shooter gameplay and expansive, story-driven experiences, it’s best suited for players who enjoy titles like Battlefield and Call of Duty."
B00H90490Q,Gran Turismo 6,"Gran Turismo 6 is a realistic racing simulation game offering a deep and immersive experience for motorsport enthusiasts and competitive gamers. Players can customize and race a vast selection of vehicles across diverse global locations, appealing to those who enjoy detailed vehicle handling and challenging racing scenarios."
B00HGLLRV2,inFAMOUS: Second Son Standard Edition (PlayStation 4),"inFAMOUS: Second Son is an action-adventure game centered around a superhero narrative, offering open-world exploration and dynamic combat for players who enjoy immersive stories and visceral gameplay.  Designed for fans of superhero themes and action-oriented experiences, it’s a compelling choice for those seeking a thrilling, character-driven adventure."
B00HLT0YT0,Borderlands 2 - Limited Edition - PlayStation Vita Bundle,"This Borderlands 2 bundle offers a chaotic, loot-shooter experience perfect for fans of action RPGs and cooperative gameplay. Primarily targeting players who enjoy over-the-top action and character customization, it’s a great option for those seeking a unique and engaging shooter."
B00HM1XPN4,Tomb Raider: Definitive Edition - Xbox One,"Tomb Raider: Definitive Edition offers a thrilling action-adventure experience, blending exploration, puzzle-solving, and combat for fans of classic adventure games. This remastered version is ideal for players seeking a nostalgic journey through ancient tombs and dangerous environments."
B00HRW8PRO,The LEGO Movie Videogame - Nintendo 3DS Standard Edition,"This Nintendo 3DS game is a family-friendly action-adventure title based on the popular LEGO Movie, offering cooperative gameplay and puzzle-solving for players of all ages.  It’s designed for fans of LEGO games and those seeking a lighthearted, creative experience."
B00HVBPRUO,Gold Wireless Stereo Headset - PlayStation 4,"This wireless headset is designed for PlayStation 4 gamers, offering immersive audio for competitive multiplayer experiences and casual gaming sessions. It’s a peripheral accessory aimed at enhancing the standard PlayStation 4 gaming experience."
B00I5KSVKS,LEGO The Hobbit - PlayStation 3,LEGO The Hobbit is an action-adventure game offering a family-friendly experience through a charming retelling of Tolkien’s classic story. Players will enjoy cooperative puzzle-solving and combat as they explore Middle-earth alongside beloved LEGO characters.
B00I5LMSE2,Kirby Triple Deluxe - Nintendo 3DS,"Kirby Triple Deluxe is a charming platformer for the Nintendo 3DS, offering colorful and inventive gameplay centered around transforming into new forms and solving puzzles.  This game is ideal for fans of Kirby’s lighthearted adventures and those seeking a creative, accessible action-platforming experience."
B00I7NA43U,Final Fantasy X/X-2 HD Remaster Limited Edition,"This limited edition remaster offers a classic JRPG experience, blending a compelling narrative with strategic turn-based combat.  Ideal for fans of traditional fantasy RPGs and those seeking a deeply immersive, story-driven adventure."
B00IAVDOS6,Xbox One Stereo Headset Adapter,"This accessory enables immersive audio for Xbox One gaming, primarily targeting players seeking enhanced sound quality and a competitive advantage. It’s a peripheral designed for gamers and console enthusiasts prioritizing a more engaging audio experience."
B00IEZ6H4G,Alien: Isolation - PS3 [Digital Code],"Alien: Isolation is a suspenseful survival horror game where players must evade a relentless Xenomorph aboard a derelict space station. Designed for fans of tense, stealth-based gameplay and those who enjoy the classic Alien franchise, it offers a truly terrifying and immersive experience."
B00IIHU44E,Xbox One Console - Titanfall + Kinect,"Titanfall is a fast-paced, first-person shooter that combines mech combat with fluid movement, appealing to players who enjoy action and tactical gameplay.  This Kinect-enabled version offers a unique interactive experience, likely targeting gamers interested in motion control and a more physically engaging shooter."
B00ITG5EI0,Batman: Arkham Knight - Limited Edition - Xbox One,"This is a superhero action-adventure game where players control Batman utilizing combat and detective skills.  Designed for fans of mature action games and those interested in a compelling, story-driven experience, this limited edition Xbox One version offers enhanced content."
B00J4Y6L2Y,Castlevania: Lords of Shadow - Mirror of Fate HD [Online Game Code],"Castlevania: Lords of Shadow - Mirror of Fate HD is a tactical action RPG with turn-based combat, appealing to fans of the Castlevania series and strategy game enthusiasts. Players control a team of heroes battling against demonic forces in a gothic, action-packed world."
B00JM57VDS,Borderlands: The Pre-Sequel - UVHUP & The Holodome Onslaught DLC [Online Game Code],"This action-packed shooter offers a sprawling open-world RPG experience with cooperative gameplay, appealing to fans of loot-driven adventures and chaotic, humorous combat. Primarily targeting players who enjoy Borderlands’ style and appreciate a challenging, team-based experience."
B00K0NV5J2,Dragon Age: Inquisition - Jaws Of Hakkon (Cross Buy) - PS4 [Digital Code],"Dragon Age: Inquisition – Jaws of Hakkon is a tactical RPG offering a focused, story-driven experience within the established Dragon Age universe.  Designed for fans of immersive fantasy and strategic combat, this expansion appeals to players who enjoy character-driven narratives and challenging gameplay."
B00KCCNMYW,Diablo III: Ultimate Evil Edition,Diablo III: Ultimate Evil Edition is an action RPG offering fast-paced dungeon crawling and loot collection for fans of dark fantasy combat. This game is designed for players who enjoy challenging gameplay and character customization within a cooperative environment.
B00KIFM28A,Metro Redux - Xbox One,"Metro Redux offers a tense and atmospheric first-person shooter experience set in a post-apocalyptic Moscow, emphasizing strategic resource management and survival horror for fans of challenging, narrative-driven games. Players will navigate dark, claustrophobic environments and engage in intense combat against mutated creatures and desperate humans."
B00KIWEMIG,Far Cry 4 - PS3 [Digital Code],"Far Cry 4 is an open-world action-adventure game where players explore a vibrant, hostile nation and take on missions to liberate the land. Designed for players who enjoy immersive experiences with gunplay, exploration, and a focus on completing objectives, it’s a great choice for fans of the genre."
B00KO4ULZ6,LEGO Batman 3: Beyond Gotham - PlayStation 3,"LEGO Batman 3: Beyond Gotham is a family-friendly action-adventure game where players build and battle across iconic DC Comics locations.  Designed for fans of LEGO games and superhero stories, it offers cooperative gameplay for players of all ages."
B00KPZKS8E,Mortal Kombat X - Xbox One,"Mortal Kombat X is a fast-paced, brutal fighting game featuring iconic characters and over-the-top fatalities, appealing to fans of competitive action and mature players.  Players engage in one-on-one combat, utilizing special moves and combos to dominate the arena."
B00KR2BK1E,The Walking Dead: The Complete First Season - Xbox One,"This title offers a narrative-driven adventure within the post-apocalyptic world of *The Walking Dead*, focusing on player choice and relationship building. Primarily aimed at fans of story-rich RPGs and zombie survival games, it delivers a condensed experience of the show’s initial season."
B00KR2BTVU,The Wolf Among Us - Xbox 360,"The Wolf Among Us is a narrative-driven adventure game where players investigate crimes as a brooding, morally grey wolf in a dark, stylized universe.  Designed for fans of detective stories and mature themes, it offers a compelling blend of investigation, stealth, and choice-based gameplay."
B00KR2C0RC,WWE 2K15 - PS3 [Digital Code],"WWE 2K15 is a realistic wrestling simulation game offering intense one-on-one and tag team battles for fans of professional wrestling and competitive sports gaming.  Designed for players who enjoy strategic combat and controlling iconic WWE Superstars, this title delivers a deep and engaging experience."
B00KSQHX1K,Halo: The Master Chief Collection,"Halo: The Master Chief Collection is a first-person shooter offering a vast collection of iconic Halo campaigns and multiplayer modes. This title appeals to fans of sci-fi shooters and competitive multiplayer experiences, primarily targeting experienced gamers and those new to the franchise."
B00KSRV19E,Forza Horizon 2 for Xbox One,"Forza Horizon 2 is an open-world racing game offering a vibrant and accessible arcade-style driving experience.  Designed for casual and enthusiastic gamers, it delivers a joyful and visually stunning adventure through diverse landscapes."
B00KTORA0K,Just Dance 2015 - Wii,"Just Dance 2015 is a rhythm game for the Wii, offering a fun and accessible experience for players of all ages who enjoy dancing and music-based challenges.  It’s designed for casual gamers and families looking for a lighthearted and active entertainment option."
B00KUYZ7I6,PlayStation TV DualShock 3 Bundle,"This PlayStation TV bundle offers a nostalgic retro gaming experience, primarily targeting fans of classic PlayStation titles and casual players seeking accessible 3D gaming. It’s a great option for those looking to revisit older games or explore simple, family-friendly gameplay."
B00KVOVBGM,PlayStation 4 Console - Destiny Bundle [Discontinued],"This Destiny bundle offers a first-person shooter experience with a strong emphasis on cooperative gameplay and a persistent online world. Primarily aimed at fans of sci-fi RPGs and MMO-style adventures, it’s a nostalgic collection for players seeking a challenging, team-based experience."
B00KVP76G0,DualShock 4 - White,"This is a physical collectible item, a white DualShock 4 controller, likely appealing to PlayStation fans and collectors seeking to expand their gaming accessories.  It’s a static item, offering no gameplay experience but representing a desirable addition to a PlayStation setup."
B00KVP78FE,DualShock 4 - Camo,"DualShock 4 - Camo is a stealth-action game where players utilize camouflage and tactical maneuvers to infiltrate enemy bases.  Designed for fans of tactical shooters and immersive stealth experiences, it offers a challenging and rewarding gameplay loop."
B00KWFCSB2,Super Mario Maker - Nintendo Wii U,"Super Mario Maker offers a creative and engaging experience for Nintendo fans, allowing players to design and play their own levels within a classic Super Mario Bros. framework. This game is ideal for players who enjoy puzzle-solving, level design, and a relaxed, customizable gameplay style."
B00KWOSQC8,Pokémon Alpha Sapphire - Nintendo 3DS,"Pokémon Alpha Sapphire is a classic turn-based RPG for the Nintendo 3DS, offering a vast open-world adventure focused on collecting and battling Pokémon.  It’s ideal for fans of the Pokémon franchise and those who enjoy exploration, strategic gameplay, and a nostalgic experience."
B00L4SD1F8,Witcher 3: Wild Hunt Complete Edition - PC,"The Witcher 3: Wild Hunt Complete Edition is a sprawling open-world action RPG offering a mature fantasy experience with deep storytelling and impactful choices.  Designed for players who enjoy immersive adventures, challenging combat, and rich lore, it’s a fantastic choice for fans of games like The Elder Scrolls and Dragon Age."
B00L59D9HG,Nintendo 3DS Compatible with 3DS / 3DS XL / 2DS AC Adapter,"This AC adapter ensures compatibility with classic Nintendo 3DS titles, offering a convenient way to play games on the handheld console. Primarily targeting Nintendo 3DS owners seeking reliable charging and gameplay across different models."
B00LEB790S,The Walking Dead: Season 2 - PlayStation 3,"This title is a narrative-driven survival horror game based on *The Walking Dead* universe, offering tense, strategic gameplay focused on resource management and group survival. Likely appealing to fans of post-apocalyptic stories and challenging RPG experiences."
B00LV416KC,Sniper Elite III - PlayStation 4 Standard Edition,"Sniper Elite III is a first-person shooter offering a realistic and tactical gameplay experience focused on stealth and precision marksmanship.  Designed for players who enjoy challenging combat and immersive world destruction, it’s a strong choice for fans of tactical shooters and historical military simulations."
B00LV8IF8O,Ratchet & Clank Future: A Crack in Time - PS3 [Digital Code],"Ratchet & Clank: Future: A Crack in Time is a third-person action-adventure game blending shooting mechanics with puzzle-solving, appealing to fans of family-friendly, action-oriented gameplay. Players control Ratchet and Clank as they journey through a futuristic world, engaging in dynamic combat and exploring a vibrant, imaginative universe."
B00M3D8AQ8,UNCHARTED 2: Among Thieves - Game of The Year Edition - Playstation 3,"This action-adventure game offers a thrilling treasure hunt experience set in a vibrant, open world, appealing to fans of cinematic storytelling and challenging combat.  UNCHARTED 2: Among Thieves – Game of The Year Edition is designed for players who enjoy immersive narratives and exploration-based gameplay."
B00M3D8CFM,Uncharted 3: Drake'S Deception Game Of The Year Digital Edition - PS3 [Digital Code],"Uncharted 3: Drake’s Deception is an action-adventure game featuring cinematic storytelling and thrilling third-person combat, appealing to fans of blockbuster adventure experiences. This Game of the Year Digital Edition offers a complete and enhanced experience for players seeking a high-octane journey through exotic locales."
B00M3D8EFU,Uncharted: Golden Abyss - PlayStation Vita,"Uncharted: Golden Abyss is a third-person action-adventure game for the PlayStation Vita, offering a cinematic experience with exploration and puzzle-solving elements.  Designed for fans of action-adventure games and those seeking a portable, engaging single-player experience."
B00M3D8GIU,Unit 13 - PlayStation Vita,"Unit 13 is a challenging, top-down shooter designed for fans of tactical combat and roguelike elements. Players navigate intricate levels, utilizing strategic upgrades and limited resources to survive against relentless waves of enemies, appealing to players who enjoy demanding action games."
B00MAM0ALA,Assassin's Creed Rogue- Xbox 360,"Assassin’s Creed Rogue is a stealth action RPG set during the Golden Age of Piracy, offering a unique shift in the series focusing on Templar gameplay. This title appeals to players who enjoy strategic combat, exploration, and a narrative centered around espionage and naval adventure."
B00MB1I3FU,Doom - Nintendo Switch [Digital Code],"Doom on Nintendo Switch delivers fast-paced, first-person shooter action with intense demon slaying, appealing to fans of classic shooters and adrenaline-fueled gameplay. This digital code provides access to a brutal and visceral experience suitable for mature gamers seeking a challenging and rewarding combat adventure."
B00MFD9DH6,Disney Infinity: Marvel Super Heroes (2.0 Edition) - Marvel's The Avengers Play Set - Not Machine Specific,"This action-adventure game allows players to collect and battle iconic Marvel Super Heroes, offering a family-friendly experience with customizable gameplay. Designed for fans of the Marvel universe and strategy-based combat, it’s suitable for players aged 8 and up."
B00MOQYTBE,Ni No Kuni: Wrath of the White Witch,"Ni No Kuni: Wrath of the White Witch is a charming action RPG blending JRPG elements with a heartwarming story and creature collection mechanics.  Designed for players who enjoy adventure, exploration, and a touch of fantasy, it’s a great choice for fans of titles like Final Fantasy and Pokémon."
B00MOR0FLG,Tales of Graces f - Playstation 3,"Tales of Graces f is a classic JRPG offering a sprawling fantasy adventure with turn-based combat and a focus on character relationships.  Designed for fans of traditional RPGs and engaging story-driven gameplay, it’s a great choice for players seeking a deep and immersive experience."
B00MOR1A7Y,Tales of Xillia - Playstation 3,"Tales of Xillia is a classic JRPG offering a sprawling adventure with engaging turn-based combat and a focus on character relationships.  Designed for fans of traditional RPGs and story-driven experiences, it’s a great choice for players seeking a long and immersive fantasy journey."
B00MUMVV3G,Tales of Xillia 2 - PlayStation 3,"Tales of Xillia 2 is a classic JRPG offering a sprawling fantasy adventure with a focus on party-based combat and a compelling narrative.  Designed for fans of traditional RPGs and character-driven stories, it’s a great choice for players seeking a long and engaging experience."
B00MUY0OFU,Nintendo Wii U Pro Controller - Black,"This is an accessory for the Nintendo Wii U, expanding the console’s gaming experience and appealing to players seeking enhanced control options. Primarily targeting Wii U owners interested in a more precise and comfortable gameplay style across a wide range of titles."
B00N2KKSNO,Sleeping Dogs: Definitive Edition- PlayStation 4,"Sleeping Dogs: Definitive Edition is a gritty open-world action-adventure game where players navigate a criminal underworld as an undercover cop.  Designed for fans of mature storylines and fluid combat, it offers a unique blend of martial arts and gunplay appealing to players who enjoy immersive crime dramas."
B00NOD0OTW,Bloodborne Collectors Edition - PlayStation 4,"Bloodborne Collectors Edition is an action RPG set in a gothic horror world, offering challenging combat and exploration for fans of dark fantasy and immersive experiences.  Designed for players who enjoy methodical gameplay and atmospheric storytelling, this edition includes exclusive collector’s items."
B00NQREKHS,Resident Evil: Revelations 2 - Xbox 360,"Resident Evil: Revelations 2 is a survival horror adventure game where players investigate a mysterious island and combat terrifying creatures. Designed for fans of classic Resident Evil titles, this game offers a tense and strategic gameplay experience focused on exploration and puzzle-solving."
B00O3JSK7E,DriveClub (PlayStation 4),"DriveClub is a realistic racing simulator designed for competitive driving enthusiasts seeking a challenging and immersive experience.  It caters to players who enjoy precision driving, track-based racing, and a focus on performance and rivalries."
B00OBZNI0O,The Last of Us Remastered - PS4 Download card/Voucher,"This remastered version of The Last of Us offers a gripping narrative-driven action-adventure experience for fans of post-apocalyptic stories and challenging gameplay. Primarily targeting mature gamers who enjoy character-focused narratives and intense combat, it’s a definitive way to revisit a critically acclaimed classic."
B00OGNV5HY,Shadow Warrior - Xbox One,"Shadow Warrior is a fast-paced, first-person shooter offering brutal melee combat alongside powerful weaponry, appealing to fans of action-oriented games and those seeking a visceral, over-the-top experience.  The game’s blend of ninja skills and heavy gunplay targets players who enjoy challenging combat and a darkly humorous tone."
B00PBIGBOU,Valkyria Chronicles - Playstation 3,"Valkyria Chronicles is a tactical RPG set during an alternate World War II, offering strategic turn-based combat and squad management for players who enjoy deep strategy and historical settings.  The game is designed for fans of tactical simulations and RPGs seeking a challenging and immersive experience."
B00PQ1OQ4Y,Kingdom Hearts HD 2.5 ReMIX Limited Edition,"Kingdom Hearts HD 2.5 ReMIX is a sprawling action RPG blending Disney and Final Fantasy worlds, offering a substantial story experience for fans of both franchises and adventure game enthusiasts. This limited edition expands upon the original release with bonus content, appealing to players seeking a deep, immersive narrative and engaging combat."
B00QO4NAOO,MLB 15: The Show (10th Anniversary Edition),"MLB 15: The Show is a realistic baseball simulation game offering deep strategic gameplay and extensive franchise modes for dedicated sports fans.  Designed for baseball enthusiasts and simulation game players, it provides an immersive experience of Major League Baseball."
B00R0ZS9YW,FINAL FANTASY X/X-2 HD Remaster Limited Edition - PlayStation 4,"This limited edition offers a remastered experience of the classic JRPG FINAL FANTASY X and its sequel, featuring a rich story, turn-based combat, and a deep, engaging world for fans of fantasy adventure.  It’s ideal for players seeking a nostalgic journey or those new to the series looking for a sprawling, immersive RPG experience."
B00RU75I2G,DMC Devil May Cry: Definitive Edition - Xbox One,"Devil May Cry: Definitive Edition is an action-packed hack-and-slash game where players battle demonic foes with stylish swordplay and supernatural abilities.  This title is geared towards fans of fast-paced combat and challenging action games, offering a refined experience for both newcomers and experienced players."
B00RUPKM74,The Legend of Zelda: Majora's Mask 3D,"The Legend of Zelda: Majora’s Mask 3D is a dark and atmospheric action-adventure game centered around time manipulation and puzzle-solving.  This challenging title appeals to fans of Zelda’s exploration and combat, alongside those who enjoy intricate, nonlinear gameplay experiences."
B00RZ7T8TK,HORI Screen Protective Filter for Nintendo NEW 3DS XL,"This accessory provides screen protection for the Nintendo NEW 3DS XL, primarily targeting Nintendo Switch and 3DS players seeking to safeguard their device. It’s a practical and affordable solution for maintaining the condition of a popular handheld gaming console."
B00SHXKC8M,Borderlands: The Handsome Edition - PlayStation 4,"Borderlands: The Handsome Edition is a looter-shooter offering chaotic, over-the-top action and cooperative gameplay for players who enjoy RPG elements and a humorous, irreverent experience. This edition is ideal for fans of games like Diablo and Destiny, appealing to those seeking a thrilling, team-based adventure."
B00SVVUOGU,Forza Motorsport 6 – Xbox One,Forza Motorsport 6 is a realistic racing simulation game designed for competitive gamers and motorsport enthusiasts. Players will enjoy meticulously crafted tracks and vehicle customization as they strive for victory in thrilling single-player and multiplayer races.
B00SZ1DQFM,LEGO Jurassic World - Xbox One Standard Edition,"LEGO Jurassic World is a family-friendly adventure game blending building and exploration with classic LEGO gameplay. Designed for fans of all ages, players will enjoy cooperative missions and creative challenges within the iconic Jurassic World setting."
B00TFVD688,Dying Light [Online Game Code],"Dying Light is a first-person action survival game where players navigate a zombie-infested city, utilizing parkour and combat skills to complete missions.  It’s geared towards fans of open-world action and those seeking a challenging, fast-paced experience with a focus on player freedom."
B00USM22DI,God of War 3 Remastered - PlayStation 4,"God of War 3 Remastered offers a visceral and epic action-adventure experience, blending brutal combat with a compelling narrative focused on Greek mythology. This remastered title is ideal for fans of challenging combat, cinematic storytelling, and mature action games."
B00W9DHUBS,Star Wars Battlefront Outer Rim - Xbox One Digital Code,"Star Wars Battlefront: Outer Rim offers a fast-paced, arcade-style space combat experience set within the Star Wars universe. This downloadable content is ideal for fans of the Battlefront series seeking intense dogfights and skirmishes, primarily targeting players who enjoy action-packed shooter gameplay."
B00WOK8YX4,Middle Earth: Shadow of Mordor Game of the Year - PlayStation 4,"This action RPG immerses players in the brutal world of Middle-earth, offering a dark and engaging combat experience with a unique nemesis system. Likely appealing to fans of fantasy, stealth, and challenging gameplay, this title is designed for mature gamers."
B00XBLQCLQ,Assassin’s Creed Syndicate - Gold Edition | PC Code - Ubisoft Connect,"Assassin’s Creed Syndicate – Gold Edition offers a historical action-adventure experience set in Victorian London, blending stealth gameplay with large-scale combat for players who enjoy open-world exploration and engaging narratives. This edition is geared towards fans of the Assassin’s Creed franchise and those seeking a detailed, immersive adventure."
B00XCZ3PMK,State of Decay: Year-One Survival Edition - Xbox One Digital Code,"State of Decay: Year-One Survival Edition is a cooperative zombie survival game where players build and manage a community while battling hordes. Designed for fans of open-world exploration and strategic resource management, it’s best enjoyed with friends."
B00YM7AKLG,FIFA 16 - Standard Edition - PlayStation 4,"FIFA 16 is a realistic sports simulation game focused on soccer, offering competitive online and offline gameplay for fans of the sport.  Designed for casual and competitive players alike, this Standard Edition is optimized for the PlayStation 4."
B00YQ74LVM,Nintendo New 3DS XL - Galaxy Style,"This title suggests a casual, visually-driven RPG experience, likely targeting fans of Nintendo’s handheld offerings and those seeking a relaxing, story-based adventure. Players can expect charming characters and exploration within a stylized, galaxy-themed world."
B00YQM1PNY,UNCHARTED: The Nathan Drake Collection - PlayStation 4,"This collection offers thrilling action-adventure gameplay, bringing players into the globe-trotting escapades of Nathan Drake.  Designed for fans of open-world exploration and cinematic storytelling, it’s a perfect experience for adventure game enthusiasts."
B00Z9LUDX4,Ratchet & Clank - PlayStation 4,"Ratchet & Clank – PlayStation 4 is a third-person shooter adventure game offering fast-paced, action-packed gameplay with a focus on inventive weaponry and cooperative missions. Primarily aimed at fans of action-adventure and sci-fi, it’s a fun experience for both casual and experienced gamers."
B00Z9TIB4Y,South Park: The Fractured But Whole SteelBook Gold Edition (Includes Season Pass subscription) - PlayStation 4,"This SteelBook Gold Edition offers a chaotic and strategic turn-based puzzle adventure, fitting for fans of the South Park franchise and those who enjoy challenging, humorous gameplay. Primarily aimed at players who appreciate creative problem-solving and the show’s signature irreverent humor, it includes access to all new content."
B00Z9TJ1VQ,Hitman - Upgrade Pack - Xbox One Digital Code,"This is a downloadable content pack for the stealth action game Hitman, offering expanded gameplay and challenges for fans of tactical espionage. Primarily targeting experienced gamers and those enjoying a high-skill, strategic approach to level design and assassination."
B00Z9TJBUW,Transformers Devastation - Xbox One,"Transformers: Devastation is a fast-paced, third-person shooter action game where players command iconic Transformers in intense battles.  Designed for fans of action games and the Transformers franchise, it offers chaotic combat and vehicle customization."
B00Z9TJHEC,Hyrule Warriors: Legends - Nintendo 3DS,"Hyrule Warriors: Legends is a fast-paced action game blending the Hyrule universe with Dynasty Warriors-style combat.  Designed for players who enjoy hack-and-slash action and collecting characters, it’s a fun experience for both casual and experienced gamers."
B00Z9TKRH8,Yoshi's Woolly World - Wii U,"Yoshi’s Woolly World is a charming 3D platformer offering cooperative gameplay for players of all ages.  Its vibrant art style and relaxed pace make it ideal for families and fans of nostalgic, whimsical adventures."
B00Z9TL6KA,Madden NFL 16 - Xbox One,"Madden NFL 16 is a realistic American football simulation game designed for sports fans and players seeking competitive gameplay.  Players can experience the thrill of the NFL season through team management, strategic play calling, and intense on-field action."
B00Z9TMBOU,Battlefield 1 - Xbox One,"Battlefield 1 is a large-scale first-person shooter set in World War I, offering intense multiplayer battles and tactical combat for experienced FPS players.  It’s designed for players who enjoy strategic warfare and historical settings with a focus on team-based gameplay."
B00Z9TMH1W,Madden NFL 17 - Deluxe Edition - Xbox One,"Madden NFL 17 - Deluxe Edition is a realistic American football simulation game designed for sports fans and competitive players seeking an authentic NFL experience. This edition offers expanded content and customization options for a deeper, more immersive gameplay session."
B00ZDNNRB8,Xbox Elite Wireless Controller,"This is a premium controller designed for competitive gamers and console enthusiasts seeking precise control and customization options. Primarily aimed at players of first-person shooters and racing games, the Xbox Elite Wireless Controller offers enhanced performance and a tailored experience."
B00ZKZYKMO,Plants vs. Zombies Garden Warfare 2 - Xbox One,"Plants vs. Zombies Garden Warfare 2 is a fast-paced, team-based shooter blending tactical plant defense with over-the-top combat.  Designed for casual and competitive players, it offers a lighthearted and humorous experience perfect for fans of shooter and strategy games."
B00ZM5OXD8,Dishonored 2 - PlayStation 4,"Dishonored 2 on PlayStation 4 is a stealth-action game offering players a dark, Victorian-inspired world to explore through strategic assassinations and supernatural abilities.  Designed for fans of immersive sims and tactical gameplay, it appeals to players who enjoy challenging combat and intricate level design."
B00ZMBLKPG,Gears of War: Ultimate Edition – Xbox One,"Gears of War: Ultimate Edition is a third-person shooter offering intense, cover-based combat and cooperative gameplay for fans of action-packed military shooters. This enhanced version delivers a classic franchise experience suitable for players who enjoy tactical combat and thrilling, linear campaigns."
B011AH9A16,Shovel Knight - PlayStation 4,"Shovel Knight – PlayStation 4 is a charming 8-bit action platformer that delivers challenging combat and precise level design, appealing to fans of retro gaming and nostalgic action experiences. This title offers a rewarding adventure for players seeking a classic, hand-crafted game with a focus on skillful gameplay."
B013HMN66M,Rise of the Tomb Raider: 20 Year Celebration - PlayStation 4,"This is an action-adventure game celebrating the 20th anniversary of Tomb Raider, offering a thrilling single-player experience focused on exploration, puzzle-solving, and combat for fans of the franchise and adventure game enthusiasts. Players will journey through challenging environments and uncover secrets as Lara Croft."
B014R4KYMS,Uncharted 4: A Thief's End - PlayStation 4,"Uncharted 4: A Thief’s End is an action-adventure game blending cinematic storytelling with thrilling third-person shooting and exploration, appealing to fans of blockbuster adventure and open-world experiences. Players will follow Nathan Drake on a globe-trotting quest, navigating challenging environments and engaging in intense combat."
B015KBXBM2,The Legend of Heroes: Trails of Cold Steel - Lionheart Edition - PlayStation Vita,"This is a tactical RPG set in a sprawling, immersive fantasy world, offering deep strategic combat and a compelling narrative for fans of classic JRPGs.  Designed for players who enjoy character-driven stories and challenging turn-based battles, it’s a substantial experience for mature gamers."
B0167Q9FPQ,Far Cry Primal - PC Standard Edition,"Far Cry Primal is an open-world action survival game set in prehistoric times, offering a visceral combat experience focused on hunting and tribal warfare.  Designed for players who enjoy challenging survival gameplay and immersive prehistoric settings, it’s ideal for fans of titles like TheHunter: Wilds."
B016P6KIFY,PlayStation 4 500GB Console - Uncharted: The Nathan Drake Collection Bundle (Physical Disc)[Discontinued],"This bundle offers a collection of action-adventure games starring Nathan Drake, delivering a thrilling cinematic experience reminiscent of classic PlayStation titles. Primarily aimed at fans of adventure games and those seeking a nostalgic return to the Uncharted series, it’s a great entry point for newcomers."
B017C6OK7S,The Legend of Zelda: A Link Between Worlds 3D,"This 3D adventure game offers a charming puzzle-platforming experience in the classic Zelda style, appealing to fans of exploration and strategic combat. Players will journey through two distinct worlds, solving puzzles and battling enemies to save Hyrule."
B017QU5KLK,Overwatch - Game of the Year Edition - Xbox One,"Overwatch – Game of the Year Edition is a fast-paced, team-based hero shooter designed for competitive players and fans of action games. This edition offers the complete Overwatch experience, featuring all heroes and maps, appealing to players who enjoy strategic combat and cooperative gameplay."
B017V6YVDC,PlayStation Plus: 1 Month Membership [Digital Code],"This is a digital code granting access to PlayStation Plus, a subscription service primarily aimed at gamers seeking online multiplayer experiences and monthly game downloads. It’s suitable for PlayStation users interested in expanding their gaming library and participating in the PlayStation community."
B017W1771Y,"The Legend of Zelda: Twilight Princess HD Wii U - Nintendo Toy Figure, 5.7""x3.5""x8"" Animal Theme, No Assembly Required","This collectible figure is a great addition for fans of The Legend of Zelda: Twilight Princess, offering a detailed animal-themed representation of the iconic game. Primarily aimed at collectors and Nintendo fans, this 5.7” figure provides a tangible connection to the game’s fantasy adventure gameplay."
B018QH6VVA,Xbox One Limited Edition Halo 5: Guardians Wireless Controller,"This limited edition Xbox One controller is perfect for fans of the Halo franchise, offering a premium gaming experience within a fast-paced, arena-style shooter. Primarily targeted towards existing Halo players and collectors, it’s ideal for those seeking a high-quality control option for this iconic series."
B0191J0RXA,Dark Souls III: Day 1 Edition - PlayStation 4,"Dark Souls III: Day 1 Edition is a challenging action RPG offering a punishing but rewarding experience for players who enjoy methodical combat and intricate world exploration.  Designed for fans of grim fantasy and demanding gameplay, this title emphasizes strategic decision-making and perseverance."
B019EWMXWC,Odin Sphere Leifthrasir: Storybook Edition - PlayStation 4 Storybook Edition,"Odin Sphere Leifthrasir: Storybook Edition is a challenging, turn-based RPG with a distinctive hand-drawn art style, offering a deep and involved narrative experience.  This title is likely appealing to fans of classic JRPGs and those who enjoy tactical combat and rich, story-driven adventures."
B019WRM1IA,Microsoft Xbox 360 Wired Controller for Windows & Xbox 360 Console,"This wired controller is ideal for fans of action and adventure games on Xbox 360, offering precise control and a direct connection for optimal gameplay. It’s a great choice for both casual and competitive gamers seeking a reliable and responsive controller experience."
B01AC3ZD06,Nintendo Selects: Super Mario 3D World,"This Nintendo Selects title is a 3D platformer adventure, offering cooperative gameplay for families and fans of classic Mario titles. Expect charming levels and accessible challenges suitable for players of all ages."
B01AC3ZGRG,Nintendo Selects: Donkey Kong Country: Tropical Freeze,"This Nintendo Selects title is a challenging 3D platformer where players navigate icy levels as Donkey Kong and his friends, emphasizing precise movement and puzzle-solving. Primarily aimed at fans of classic platforming and those seeking a rewarding, albeit demanding, gaming experience."
B01BF9X6LO,LEGO Star Wars: The Force Awakens - PlayStation Vita Standard Edition,"This action-adventure game combines LEGO’s signature block-building gameplay with the iconic Star Wars universe, offering a family-friendly experience for fans of both franchises. Players will explore familiar locations and battle alongside beloved characters in a cooperative or solo adventure suitable for all ages."
B01CKGI4RM,Paper Mario: Color Splash - Wii U Standard Edition,"Paper Mario: Color Splash is a vibrant, puzzle-adventure game blending classic RPG elements with a unique paint-based combat system.  Designed for fans of the Paper Mario series and casual players seeking a charming and creative experience, it offers a lighthearted journey through a colorful world."
B01CR058OS,Resident Evil 5 - Standard Edition - PlayStation 4,"Resident Evil 5 is a cooperative third-person shooter offering intense action and survival horror gameplay, primarily targeting fans of the series and those who enjoy zombie-themed experiences with a focus on team-based combat. This Standard Edition for PlayStation 4 delivers a classic Resident Evil experience with updated graphics and controls."
B01DE9DY8S,Sony PlayStation VR,"Sony PlayStation VR offers immersive virtual reality gaming experiences for PlayStation console owners, primarily targeting gamers seeking action and adventure titles within a simulated environment. It’s a compelling option for those interested in exploring new levels of engagement and interactive gameplay."
B01GKFPFZS,Watch Dogs 2 Deluxe Edition - Xbox One Digital Code,"Watch Dogs 2 Deluxe Edition offers an open-world action-adventure experience focused on hacking and social manipulation, appealing to players who enjoy strategic gameplay and urban exploration. This edition provides expanded content and is geared towards fans of the original Watch Dogs and those seeking a dynamic, customizable crime simulator."
B01GW3GM7I,Xbox One S 2TB Console - Launch Edition [Discontinued],"This Xbox One S console is ideal for gamers seeking a larger storage capacity for their games and a solid entry point into the Xbox ecosystem. Primarily targeting casual and core gamers, it offers a foundational experience for playing a wide variety of titles."
B01GW3H3U8,Xbox Wireless Controller – White,"This Xbox Wireless Controller is a core component for players of action and adventure games on Xbox consoles. Designed for gamers of all skill levels, it’s a reliable and essential accessory for immersive gameplay."
B01GW3LRD2,Forza Horizon 3 – Xbox One,"Forza Horizon 3 is an open-world racing game offering a vibrant and accessible experience for players who enjoy arcade-style racing and exploring beautiful, diverse landscapes.  Designed for casual and competitive gamers alike, it delivers a thrilling road trip adventure filled with customizable vehicles and exciting events."
B01GW8VG7O,Xbox One X 1TB Limited Edition Console - Project Scorpio Edition [Discontinued],"This discontinued Xbox One X console is ideal for gamers seeking enhanced performance and visuals, primarily targeting enthusiasts and those invested in the Xbox ecosystem. It offers a premium gaming experience focused on high-resolution titles and fast loading times."
B01GY35E8Y,Dead Rising 4 - Xbox One,"Dead Rising 4 is a third-person zombie survival shooter offering over-the-top action and crafting, appealing to fans of chaotic combat and open-world exploration.  This game is best suited for players who enjoy intense, gory action and a darkly humorous experience."
B01GY35GIM,Titanfall 2 - SteelBook Edition - PlayStation 4,"Titanfall 2 is a fast-paced, first-person shooter blending intense mech combat with fluid movement and parkour, appealing to players who enjoy action-packed campaigns and competitive multiplayer. This SteelBook Edition offers a premium experience for fans of sci-fi shooters and those seeking a challenging and rewarding single-player adventure."
B01GY35UK6,Resident Evil 7: Biohazard - PlayStation 4,"Resident Evil 7: Biohazard is a first-person survival horror game where players explore a terrifying, isolated mansion and combat grotesque enemies. Designed for fans of classic horror and action-adventure, this title offers a tense and immersive experience focused on strategic combat and puzzle-solving."
B01GY35W22,Marvel’s Spider-Man - PlayStation 4,"Marvel’s Spider-Man is a superhero action-adventure game offering open-world traversal and combat, appealing to fans of Marvel and action-oriented gameplay. Players experience the iconic Spider-Man role with a focus on swinging through New York City and engaging in thrilling battles."
B01GY3601E,God of War Stone Mason's Edition - PlayStation 4,"This action-adventure game offers a brutal and visceral combat experience, blending Norse mythology with a compelling narrative. Primarily targeting mature gamers and fans of action RPGs, it features a challenging single-player campaign focused on exploration and strategic battles."
B01I59OFDU,Resident Evil 4 - Xbox One Standard Edition,"Resident Evil 4 is a survival horror action game where players battle hordes of enemies and explore a Spanish castle, offering a tense and strategic experience.  This Standard Edition is geared towards fans of classic survival horror and action games seeking a challenging, single-player adventure."
B01IC2A28C,Pokémon Sun and Pokémon Moon Steelbook Dual Pack – Nintendo 3DS (Amazon Exclusive),"This Steelbook Dual Pack offers a classic Pokémon adventure for the Nintendo 3DS, blending turn-based RPG gameplay with creature collection and exploration. Primarily aimed at fans of the Pokémon franchise and casual RPG players, it provides a nostalgic experience for all ages."
B01JJFZ3LC,Nintendo 2DS - Electric Blue with Mario Kart 7,"This Nintendo 2DS console, featuring a vibrant Electric Blue color and bundled with Mario Kart 7, is a fantastic entry point into the world of Nintendo’s classic games. Primarily targeting younger players and families, it offers accessible and engaging gameplay experiences for racing and adventure."
B01LRLJV28,PlayStation 4 Slim 500GB Console - Uncharted 4 Bundle Discontinued,"This bundle offers a classic action-adventure experience with Uncharted 4, appealing to fans of cinematic storytelling and thrilling combat.  As a discontinued console package, it’s a nostalgic collectible for PlayStation 4 owners and adventure game enthusiasts."
B01LYH50DX,Assassin's Creed: The Ezio Collection - Xbox One Digital Code,"This collection offers a classic action-adventure experience, allowing players to embody stealthy assassins and explore historical settings. Primarily targeting fans of open-world gameplay and historical fiction, it’s a great entry point to the acclaimed Assassin’s Creed franchise."
B01M1DN3OO,BioShock: The Collection - Xbox One,"BioShock: The Collection for Xbox One delivers a compelling first-person shooter experience set in a visually stunning, dystopian underwater world. This immersive title offers a blend of narrative adventure and combat, appealing to fans of immersive storytelling and tactical gameplay."
B01M6C7YE8,Red Dead Redemption 2 Playstation 4,"Red Dead Redemption 2 is an expansive open-world Western action-adventure game, offering a deeply immersive experience focused on storytelling and player choice.  Designed for fans of immersive narratives and realistic gameplay, it’s best suited for players who enjoy exploration, character development, and a slower-paced, dramatic adventure."
B01M8GXNJX,Sniper Elite 4 - PlayStation 4,"Sniper Elite 4 is a first-person shooter offering a realistic and immersive experience focused on stealth and precision marksmanship.  Designed for players who enjoy tactical gameplay and a challenging, rewarding experience, it’s ideal for fans of military shooters and open-world exploration."
B01MG8P418,Steam Controller,"Steam Controller is a simulation game centered around managing and optimizing a virtual Steam PC, appealing to PC enthusiasts and those interested in resource management and customization. Players will enjoy a relaxed, strategic gameplay experience focused on building and maintaining a powerful digital system."
B01MYUCFBK,"Persona 5 - PlayStation 4 ""Take Your Heart"" Premium Edition","Persona 5 - PlayStation 4 ""Take Your Heart"" Premium Edition is a stylish JRPG offering a blend of social simulation and turn-based combat, appealing to players who enjoy character-driven stories and strategic gameplay. This edition provides a complete experience for fans of the genre seeking a captivating narrative and engaging combat system."
B01N332TG8,The Elder Scrolls V: Skyrim - Nintendo Switch,"The Elder Scrolls V: Skyrim on Nintendo Switch offers a sprawling open-world RPG experience, allowing players to explore a vast fantasy landscape and forge their own destiny. This title is ideal for fans of immersive storytelling, character customization, and adventure games, appealing to both newcomers and seasoned RPG enthusiasts."
B01N3ASPNV,amFilm Tempered Glass Screen Protector for Nintendo Switch 2017 (2-Pack),"This video game accessory is a screen protector designed for the Nintendo Switch (2017 model), offering protection for players who want to safeguard their console. It’s likely targeted towards Nintendo Switch owners seeking a durable and straightforward solution for device maintenance."
B01N4X95QL,Nioh - PlayStation 4,"Nioh is a challenging action RPG set in feudal Japan, blending fast-paced combat with deep strategic elements.  Designed for players who enjoy demanding combat and historical fantasy settings, it offers a rewarding experience for those seeking a test of skill and tactical prowess."
B01NAGTKX3,Crash Bandicoot N. Sane Trilogy - PlayStation 4 Standard Edition,"This is a remastered collection of classic platforming games, offering fast-paced, challenging levels for players who enjoy precise timing and collecting. Primarily aimed at fans of retro gaming and those seeking a nostalgic adventure, it’s a great entry point into the beloved Crash Bandicoot series."
B06XBN6NCH,Middle-Earth: Shadow Of War - PlayStation 4,"Middle-Earth: Shadow of War is an action RPG set in the Lord of the Rings universe, offering players a brutal campaign of conquest and assassination.  Designed for fans of tactical combat and immersive storytelling, it’s a challenging experience for mature gamers."
B06XDZGHWK,Kingdom Hearts HD 1.5 + 2.5 ReMIX - PlayStation 4,"Kingdom Hearts HD 1.5 + 2.5 ReMIX is an action RPG blending Disney and Final Fantasy worlds, offering a sprawling adventure suitable for fans of both franchises and those who enjoy collecting and battling alongside iconic characters.  Players will experience a mix of story-driven exploration and fast-paced combat, appealing to a broad audience interested in fantasy and adventure games."
B06XHMPPLH,NieR: Automata - Playstation 4,"NieR: Automata is a narrative-driven action RPG blending philosophical themes with intense combat, appealing to players who enjoy story-rich experiences and challenging gameplay. This title offers a mature and thought-provoking adventure for fans of games like Dark Souls and Nier: Replicant."
B06XHVJY3T,Final Fantasy XII The Zodiac Age - Xbox One,"Final Fantasy XII: The Zodiac Age is a sprawling, turn-based RPG offering a rich story and tactical combat for fans of classic JRPGs. This enhanced edition provides a comprehensive experience, appealing to players who enjoy deep character development and strategic battles within a large, immersive world."
B06ZXXHMS7,Gears of War - PC,"Gears of War – PC is a third-person shooter offering intense, cover-based combat and cooperative gameplay. Primarily targeting fans of action and tactical shooters, it delivers a visceral campaign experience for both solo and group players."
B06ZY6VHDD,Resident Evil Origins Collection - Xbox One Standard Edition,"This collection offers a classic survival horror experience, blending exploration, puzzle-solving, and intense combat reminiscent of the original Resident Evil games. Primarily aimed at fans of the horror genre and those seeking a challenging, atmospheric adventure, it’s perfect for players who enjoy a slower-paced, strategic gameplay style."
B0716CXJ1R,Darksiders III - Collector's Edition - Xbox One,"Darksiders III is an action-adventure game blending hack-and-slash combat with RPG elements, appealing to fans of challenging combat and dark fantasy lore. This Collector’s Edition offers an immersive experience for players seeking a robust single-player adventure."
B071CK7P1L,Yakuza Kiwami - PlayStation Hits - PlayStation 4,"Yakuza Kiwami is a sprawling action-adventure game blending Japanese crime drama with RPG elements, offering a deep story and engaging combat for fans of open-world experiences and mature narratives. Players will immerse themselves in a vibrant, stylized world filled with side activities and a compelling protagonist, appealing to those seeking a long-form, immersive game."
B071G61TRM,Assassin's Creed Origins - Gold Edition | PC Code - Ubisoft Connect,"Assassin’s Creed Origins – Gold Edition offers an expansive open-world RPG experience set in ancient Egypt, blending stealth, exploration, and historical narrative. This edition is ideal for players who enjoy immersive adventures and detailed combat, appealing to fans of the Assassin’s Creed franchise and historical simulation games."
B071Y492GH,Xenoblade Chronicles X,"Xenoblade Chronicles X is a sprawling open-world RPG offering a unique blend of exploration, combat, and character customization.  Designed for players who enjoy immersive science fiction adventures and strategic battles, it appeals to fans of expansive RPGs like Mass Effect."
B07213YKCX,Pokémon Ultra Sun and Ultra Moon Steelbook Dual Pack - Nintendo 3DS,Pokémon Ultra Sun and Ultra Moon offers a classic turn-based RPG experience with enhanced story content and exploration for fans of the Pokémon franchise. This Steelbook Dual Pack is ideal for players seeking a nostalgic adventure and engaging battles on the Nintendo 3DS.
B0721BX7DQ,Sonic Mania: Collector's Edition - Nintendo Switch,"Sonic Mania: Collector’s Edition is a vibrant 2D platformer that delivers a nostalgic return to the classic Sonic gameplay experience. This edition is ideal for fans of retro gaming and players seeking a challenging, fast-paced adventure."
B072V478NR,Amazon Basics Carrying Case for Nintendo Switch - Black,"This is an accessory designed for Nintendo Switch owners, offering protection and organization for their console and games. Likely appealing to casual and core gamers seeking to safely transport and store their Switch setup."
B073GY1PRY,Until Dawn - PlayStation 4,"Until Dawn is a suspenseful survival horror game where players make critical decisions to survive a deadly night at a remote mountain lodge. Designed for fans of narrative-driven horror experiences, the game emphasizes branching storylines and tense encounters for a mature audience."
B073K6WMJ9,Splatoon 2: Starter Pack - Nintendo Switch,"Splatoon 2: Starter Pack is a vibrant, team-based shooter game for the Nintendo Switch, offering fast-paced turf wars and creative weapon customization. Primarily aimed at younger players and those who enjoy competitive, colorful action games, it’s a great entry point into the Splatoon universe."
B074MMGR8F,Uncharted: The Lost Legacy - PlayStation 4,"Uncharted: The Lost Legacy is an action-adventure game offering a thrilling cinematic experience focused on exploration and intense combat.  Designed for fans of the series and adventure gamers, it delivers a globe-trotting story with a strong emphasis on puzzle-solving and character-driven gameplay."
B075XLGQ4V,Metroid: Samus Returns - Nintendo 3DS,"Metroid: Samus Returns is a challenging action-adventure game that blends exploration and combat, offering a refined 2D Metroid experience.  Designed for fans of classic action games and those seeking a rewarding, atmospheric adventure, it’s perfect for players who enjoy strategic gameplay and a sense of discovery."
B07624RBWB,Nintendo Switch Pro Controller,"This Nintendo Switch Pro Controller is a premium input device ideal for players of Nintendo Switch games, offering enhanced comfort and control for a wide range of action and adventure titles. It’s a recommended accessory for both casual and competitive Switch gamers seeking a superior playing experience."
B077GG9D5D,DualShock 4 Wireless Controller for PlayStation 4 - Jet Black,"This is a standard PlayStation 4 controller, ideal for players of action, adventure, and racing games. It’s a reliable accessory targeted towards existing PlayStation 4 gamers and console enthusiasts."
B077TB64KB,Xenoblade Chronicles 2 - Expansion Pass - Nintendo Switch [Digital Code],"This is a sprawling JRPG adventure for the Nintendo Switch, offering a substantial expansion to the core Xenoblade Chronicles 2 experience.  Designed for fans of epic fantasy stories and strategic turn-based combat, it’s ideal for players seeking a long-term, immersive RPG."
B07895QZBF,Horizon Zero Dawn: Complete Edition - PlayStation 4,"Horizon Zero Dawn: Complete Edition is an open-world action RPG where players explore a post-apocalyptic world battling robotic creatures.  Designed for fans of immersive storytelling and challenging combat, it’s a compelling experience for players who enjoy exploration and strategic gameplay."
B079C7QGLQ,Shadow of the Colossus Special Edition - PlayStation 4,"Shadow of the Colossus Special Edition is an epic action-adventure game where players confront and defeat colossal creatures in a vast, desolate world.  Designed for players who enjoy challenging combat, exploration, and a somber, atmospheric experience, it’s best suited for fans of titles like *Dark Souls* and *God of War*."
B07BLRF329,Rise of the Tomb Raider - Xbox One Digital Code,"Rise of the Tomb Raider is an action-adventure game where players explore ancient tombs and unravel mysteries as Lara Croft, appealing to fans of exploration and survival gameplay. This digital code provides access to the full game experience for Xbox One owners."
B07BW77M9V,Captain Toad: Treasure Tracker - Nintendo Switch [Digital Code],"Captain Toad: Treasure Tracker is a charming puzzle-adventure game perfect for families and fans of classic puzzle titles. Players navigate intricate levels, collecting treasures and utilizing Toad’s unique abilities to overcome challenges."
B07BWJWBJL,Octopath Traveler,"Octopath Traveler is a turn-based RPG offering a unique story-driven experience with eight distinct protagonists, each possessing their own skills and narrative.  This game appeals to fans of classic JRPGs and those who enjoy strategic combat and engaging character development."
B07BY1MB34,Spyro Reignited Trilogy - PlayStation 4,"The Spyro Reignited Trilogy offers a nostalgic return to classic 3D platforming, delivering charming adventures and vibrant worlds for fans of all ages. Players will enjoy collecting gems, battling enemies, and exploring as the purple dragon, Spyro."
B07CB12726,Minecraft Game Voucher - PlayStation Vita,"This Minecraft voucher unlocks a classic sandbox adventure on the PlayStation Vita, offering open-world exploration and creative building for fans of survival and crafting games. Primarily aimed at younger players and Minecraft enthusiasts, it provides a portable experience of the iconic game’s core mechanics."
B07CD6F5PX,Dragon Quest Xi: Echoes of An Elusive Age - PlayStation 4,"Dragon Quest XI: Echoes of An Elusive Age is a classic JRPG offering a sprawling, turn-based adventure with a focus on story and character development.  Designed for fans of traditional RPGs and those seeking a charming, immersive fantasy experience, it’s perfect for players who enjoy detailed worlds and engaging combat."
B07CLKZJF4,Tales of Vesperia - Xbox 360,"Tales of Vesperia is a classic JRPG offering a sprawling fantasy adventure with strategic turn-based combat, appealing to fans of traditional RPGs and engaging storytelling.  Players will enjoy exploring a richly detailed world and building a party of diverse characters to overcome challenging battles."
B07CQXSC7K,Tales of Symphonia Chronicles - Playstation 3,"Tales of Symphonia Chronicles offers a classic JRPG experience, blending tactical turn-based combat with a sprawling, story-driven adventure. This title is ideal for fans of traditional RPGs and those seeking a nostalgic journey through a beloved, immersive world."
B07D3JSZ8F,Mario + Rabbids Kingdom Battle - Nintendo Switch [Digital Code],"Mario + Rabbids Kingdom Battle is a turn-based strategy game blending Mario’s universe with Rabbids chaos, appealing to fans of tactical RPGs and families seeking a cooperative challenge. Players command a diverse team of heroes in colorful, puzzle-focused battles, making it ideal for strategy game enthusiasts and Nintendo Switch owners."
B07DKT3WJ2,Assassin's Creed Odyssey Standard Edition - Xbox One,"Assassin’s Creed Odyssey is a sprawling open-world action RPG set in ancient Greece, offering players a choice-driven narrative and tactical combat. This title is ideal for fans of historical adventures and immersive gameplay experiences seeking a large-scale, engaging RPG."
B07DKYN13M,Assassin's Creed Odyssey - PlayStation 4 Standard Edition,"Assassin’s Creed Odyssey is a sprawling open-world action RPG set in ancient Greece, offering players a choice between strategic combat and exploration.  This title is ideal for fans of historical adventures and immersive gameplay experiences seeking a large-scale, character-driven story."
B07DPK5NPD,Super Smash Bros. - Nintendo Wii U,"Super Smash Bros. on Nintendo Wii U is a fast-paced, chaotic fighting game where players battle iconic Nintendo characters in a large arena setting.  It’s a highly accessible and competitive game appealing to fans of action, platforming, and party games."
B07F1HTGV1,Diablo 3 Eternal Collection - Nintendo Switch,"Diablo 3 Eternal Collection on Nintendo Switch offers a classic action RPG experience, blending dungeon crawling and loot collection for fans of the franchise. This collection is geared towards players who enjoy fast-paced combat and character progression, suitable for both seasoned RPG enthusiasts and newcomers to the series."
B07HGT7JC8,Final Fantasy X & X-2 HD Remaster - Xbox One,"This HD Remaster offers a classic JRPG experience, blending a compelling narrative with strategic turn-based combat. Ideal for fans of traditional fantasy RPGs and those seeking a deeply immersive story-driven adventure."
B07K3KHFSY,Nyko Charge Base - 2 Port Controller Charger with 2 USB Charge Adapters for PlayStation 3,"This accessory provides convenient charging and control for PlayStation 3 gamers, supporting two controllers simultaneously. Ideal for players seeking a streamlined charging solution and enhanced gaming sessions."
B07L5FKGQH,Far Cry New Dawn - Deluxe Edition - Xbox [Digital Code],"Far Cry New Dawn is an open-world action shooter offering a post-apocalyptic setting with RPG elements and a focus on dynamic combat.  Designed for players who enjoy expansive exploration, thrilling gunplay, and a narrative-driven experience, this Deluxe Edition includes all content."
B07MHNTVBL,LEGO Marvel Super Heroes - PlayStation 4,"LEGO Marvel Super Heroes is a family-friendly action-adventure game where players team up to defeat villains across the Marvel Universe.  Designed for players of all ages, it offers cooperative gameplay and lighthearted fun with iconic LEGO characters and engaging puzzles."
B07N2Z9VZX,Kingdom Hearts II - PlayStation 2,"Kingdom Hearts II is an action RPG blending Disney and Final Fantasy worlds, offering a sprawling adventure with cooperative gameplay for players who enjoy story-driven combat and exploration.  It’s primarily aimed at fans of both Disney and JRPG franchises seeking a large-scale, engaging experience."
B07N5LL4YW,Knack (PlayStation 4),"Knack is a 3D action-adventure game where players control a giant, lovable hero to battle enemies and solve puzzles.  Designed for families and casual gamers, it offers accessible combat and lighthearted platforming experiences."
B07NKN4VR4,Batman: Arkham Asylum [Game of the Year Edition] (Platinum Hits),"This is a dark, action-adventure game where players utilize stealth and combat skills as Batman to investigate and neutralize threats within Arkham Asylum.  Primarily aimed at fans of superhero games and those who enjoy challenging, story-driven experiences with a focus on tactical gameplay."
B07NLRSN12,Darksiders: Warmastered Edition (PS4) - PlayStation 4,"Darksiders: Warmastered Edition is an action-adventure game blending dark fantasy combat with puzzle-solving, appealing to fans of challenging gameplay and epic narratives. Players take on the role of one of the Four Horsemen, battling hordes of enemies in a visually enhanced world."
B07NSTDHGM,Yakuza 6: The Song of Life - PlayStation 4 Standard Edition,"Yakuza 6: The Song of Life is a sprawling action RPG set in modern-day Japan, offering a blend of intense combat, intricate storytelling, and open-world exploration.  This game is best suited for players who enjoy mature narratives, character-driven experiences, and a unique blend of Japanese culture and crime drama."
B07P56JS2T,inFAMOUS Collection - Playstation 3,"The inFAMOUS Collection offers a thrilling action-adventure experience centered around superpowers and moral choices, appealing to fans of open-world gameplay and superhero narratives. This collection delivers a compelling story and dynamic combat for players seeking a mature and engaging experience."
B07P8S76BH,Lumines: Electronic Symphony - PlayStation Vita,"Lumines: Electronic Symphony is a rhythm-based puzzle game for the PlayStation Vita, blending matching tiles with a dynamic electronic soundtrack.  Designed for fans of music games and puzzle enthusiasts, it offers a unique and engaging experience focused on timing and pattern recognition."
B07P9VQ4Z8,Mortal Kombat - PlayStation Vita,"Mortal Kombat – PlayStation Vita offers fast-paced, 3D fighting action with iconic characters and brutal fatalities, appealing to fans of competitive fighting games and mature action experiences. This title delivers a classic fighting game experience on a portable platform, targeting players who enjoy intense one-on-one combat."
B07PZ8NZSZ,PlayStation 4 Pro 1TB Console,"This PlayStation 4 Pro 1TB Console is ideal for gamers seeking enhanced visuals and performance on their PS4, primarily targeting those invested in a premium gaming experience and larger game libraries. It’s a foundational piece for enjoying current-generation PlayStation titles and future releases."
B07R7F4XDZ,Dragon Ball Xenoverse - Xbox One,"Dragon Ball Xenoverse is an action RPG offering cooperative battles and character customization within the iconic Dragon Ball universe.  Designed for fans of the series and action RPG enthusiasts, players will engage in time-travel missions and epic fights alongside friends."
B07RFZFNQT,Dark Souls III: The Fire Fades Edition - Xbox One,"Dark Souls III: The Fire Fades Edition is a challenging action RPG offering a punishing but rewarding experience for players who enjoy methodical combat and atmospheric exploration. This edition caters to fans of grim fantasy and those seeking a demanding, immersive adventure with a focus on strategic decision-making."
B07SM7G9CN,Donkey Kong Country: Tropical Freeze - Nintendo Switch,"Donkey Kong Country: Tropical Freeze is a challenging 3D platformer for the Nintendo Switch, demanding precise timing and skillful level navigation.  Designed for players who enjoy tight controls and rewarding exploration, it offers a vibrant and demanding experience."
B07SRWRH5D,Final Fantasy VII: Remake - PlayStation 4,"Final Fantasy VII: Remake offers a reimagining of a classic JRPG, blending turn-based combat with action-oriented exploration for a mature audience. This visually stunning title delivers a sprawling narrative and engaging gameplay experience, appealing to fans of both the original and action RPGs."
B07WS18ZS3,Batman: Arkham Knight - Playstation 4,"Batman: Arkham Knight is a dark, action-adventure game offering a thrilling, combat-focused experience within the Batman universe.  Designed for fans of superhero games and players who enjoy strategic combat and detective gameplay, it’s a premium title for a mature audience."
B07WS5R5DP,Batman: Arkham Origins - Xbox 360,"Batman: Arkham Origins is a gritty action-adventure game where players take on the role of the Dark Knight, utilizing combat and stealth to solve mysteries and eliminate threats.  Designed for fans of superhero stories and tactical gameplay, this title offers a mature and engaging experience for experienced action gamers."
B07WS6ZFTG,"Microsoft Xbox One X 1Tb Console With Wireless Controller: Enhanced, Hdr, Native 4K, Ultra Hd (Discontinued)","This Xbox One X console offers a premium gaming experience with native 4K resolution and HDR support, ideal for players seeking high-fidelity visuals and immersive gameplay. Primarily targeting serious gamers and enthusiasts, it delivers a powerful and visually stunning console experience."
B07WT56LHX,WB Games Mortal Kombat XL - Playstation 4,"Mortal Kombat XL is a fighting game offering expanded content and enhanced graphics for the Playstation 4, appealing to fans of competitive and action-oriented combat. Players can expect a brutal, fast-paced experience with a focus on iconic characters and intense one-on-one battles."
B07WWJDWY3,Batman: Arkham City - Game of The Year Edition (Restricted Distribution),"This is a superhero action-adventure game where players control Batman as they investigate and combat crime within the sprawling Arkham City.  Designed for fans of mature action games and those who enjoy tactical combat and detective gameplay, this edition offers an enhanced experience."
B07WWK48DV,Batman: Arkham City - Game of The Year Edition,"Batman: Arkham City – Game of the Year Edition is a stylish action-adventure game where players explore a sprawling open-world city as the Dark Knight, utilizing combat and detective skills.  This edition is primarily targeted towards fans of superhero games and those who enjoy immersive, story-driven gameplay with a mature tone."
B07WZS4CTC,WB Games Middle Earth: Shadow of Mordor - Xbox One,"“Middle-earth: Shadow of Mordor” is an action-adventure game set in the Lord of the Rings universe, offering a dark and engaging gameplay experience focused on combat and strategic enemy manipulation. This title is likely appealing to fans of immersive fantasy worlds and players who enjoy challenging combat and open-world exploration."
B07X13HNK3,Batman: Arkham Origins,"Batman: Arkham Origins is a gritty action-adventure game where players take on the role of a younger, vulnerable Batman as he investigates a conspiracy and battles numerous assassins.  Designed for fans of superhero stories and tactical combat, the game offers a challenging experience focused on stealth and strategic combat."
B07X1HF3V6,WB Games Mortal Kombat: Komplete Edition - Playstation 3,"This is a fighting game compilation offering a complete collection of the classic Mortal Kombat titles for the PlayStation 3.  It’s geared towards fans of traditional fighting games and competitive action, appealing to both seasoned players and newcomers to the series."
B07X56RNBY,Batman: Arkham Asylum (Game of The Year Edition) - Playstation 3,"Batman: Arkham Asylum is a dark, action-adventure game where players utilize stealth and combat to investigate and stop the Joker within the confines of Arkham Asylum.  Designed for fans of superhero games and those who enjoy tactical, third-person combat, it’s a compelling experience for mature players."
B07X56S77D,WB Games Batman Arkham City: Armored Edition,"This Armored Edition of Batman: Arkham City offers a refined experience of the critically acclaimed open-world action-adventure game, appealing to fans of superhero combat and detective gameplay. Primarily targeting mature players seeking a challenging and immersive experience, it features enhanced graphics and expanded content."
B07X5X5KF9,WB Games Middle Earth: Shadow of Mordor - Playstation 4,"This action-adventure game immerses players in the dark world of Middle-earth, offering a brutal combat system and player-driven narrative experience.  Designed for fans of open-world games and the Lord of the Rings franchise, it’s geared towards players who enjoy challenging combat and impactful choices."
B07X649B77,WB Games Mad Max - Playstation 4,"This action-adventure game offers a brutal open-world experience inspired by the Mad Max franchise, challenging players to scavenge, build, and battle across a desolate wasteland.  Designed for fans of vehicular combat and post-apocalyptic settings, it’s geared towards players who enjoy intense, customizable gameplay."
B07YBWT3PK,Fallout 4 - Xbox One,"Fallout 4 is a post-apocalyptic open-world RPG where players explore a devastated Boston, scavenging resources and building settlements.  Designed for fans of immersive storytelling and tactical combat, it offers a vast, customizable experience for solo or cooperative adventurers."
B07YBX5FVF,The Elder Scrolls IV: Oblivion - Xbox 360 5th Anniversary Edition,"This Xbox 360 edition offers a sprawling open-world RPG experience, allowing players to explore a vast fantasy world and shape their own destiny.  Ideal for fans of immersive storytelling, character customization, and classic fantasy adventures."
B07YBX6T95,Fallout: New Vegas - Xbox 360 Ultimate Edition,"Fallout: New Vegas – Xbox 360 Ultimate Edition offers a sprawling open-world RPG experience focused on player choice and consequence, appealing to fans of immersive storytelling and tactical combat. This edition delivers a deep, branching narrative with significant customization options, targeting mature players who enjoy complex role-playing games."
B07YBX8RNF,Wolfenstein: The Old Blood - Xbox One,"Wolfenstein: The Old Blood is a first-person shooter adventure game blending intense combat with exploration and RPG elements, appealing to fans of classic shooters and immersive storytelling. Players will navigate a dark fantasy world, battling Nazis and uncovering a compelling narrative, likely attracting players who enjoy action-packed experiences with a strong emphasis on atmosphere."
B07YBXFDYK,The Evil Within 2 - PlayStation 4,"The Evil Within 2 is a survival horror game blending psychological thriller elements with intense combat, offering a challenging experience for fans of the genre. Players navigate a disturbing, dreamlike world, confronting grotesque enemies and unraveling a dark narrative."
B07YBXFDYN,Skyrim VR - PlayStation 4,"Skyrim VR – PlayStation 4 offers a fully immersive experience of the classic open-world RPG, allowing players to explore and adventure in stunning virtual reality. This title is ideal for fans of fantasy RPGs seeking a deeply engaging and expansive gameplay experience."
B07YBXFF5C,Doom - PC,"Doom (PC) is a fast-paced, first-person shooter delivering intense demon-slaying action and visceral combat. This title appeals to fans of classic shooters and those seeking a challenging, adrenaline-fueled experience."
B07YBXFF99,Dishonored - PlayStation 3 Game of the Year Edition,"Dishonored – PlayStation 3 Game of the Year Edition is a stealth-action game offering players a dark fantasy world to explore and manipulate through supernatural abilities.  Designed for fans of immersive sims and tactical gameplay, it appeals to players who enjoy challenging combat and intricate level design."
B07YBXJ5FK,The Evil Within - Xbox One,"The Evil Within is a survival horror game that blends psychological terror with intense combat, offering a challenging experience for fans of games like Resident Evil. Players navigate a dark and unsettling world, utilizing limited resources and strategic thinking to overcome gruesome enemies."
B07YBXN77W,Doom 3 - Xbox 360 BFG Edition,"This BFG Edition of Doom 3 is a first-person shooter offering intense, atmospheric combat and a focus on horror elements. Primarily targeting fans of action and survival horror, players will navigate labyrinthine environments and battle demonic forces."
B07YBXNWXL,Wolfenstein: The New Order - Xbox 360,"Wolfenstein: The New Order is a first-person shooter offering a compelling alternate history narrative and intense, action-packed combat.  This title appeals to fans of classic shooters and those seeking a mature, story-driven experience with a focus on strategic gunplay."
B07Z9Z39ZW,Witcher 3: Wild Hunt Complete Edition - Nintendo Switch,"The Witcher 3: Wild Hunt Complete Edition offers a sprawling open-world fantasy adventure, blending deep narrative choices with intense monster hunting gameplay. This title is ideal for players who enjoy immersive RPGs with a focus on exploration, combat, and character development."
B07ZJ6RY1W,$45 Nintendo eShop Gift Card [Digital Code],"This digital gift card provides access to a wide range of games on the Nintendo eShop, primarily targeting Nintendo Switch players interested in purchasing games and expanding their gaming library. It’s a flexible option for gamers of all ages and genres looking to explore the Nintendo ecosystem."
B081243BT6,Orzly Carrying case for Nintendo Switch OLED and Switch Console - Purple Protective Hard Portable Travel case Shell Pouch for Nintendo Switch Console & Accessories,"This is a protective carrying case designed for Nintendo Switch OLED and standard consoles, suitable for gamers who want to transport their system and accessories safely. It’s geared towards casual and portable gaming experiences, appealing to a broad audience of Nintendo Switch owners."
B081W1VBKN,Darksiders 2: Deathinitive Edition - Xbox One - Xbox One Standard Edition,"This action-adventure game, a remastered version of Darksiders 2, blends visceral combat with puzzle-solving in a dark fantasy world. Primarily aimed at fans of hack-and-slash gameplay and challenging combat, it’s suitable for players who enjoy epic narratives and intense action."
B084D57QLR,Dragon Quest Builders - PlayStation 4,"Dragon Quest Builders is a charming action-adventure RPG where players build and defend a thriving island settlement, appealing to fans of crafting, strategy, and the classic Dragon Quest series.  This game offers a relaxed, creative gameplay experience suitable for both newcomers to the genre and those seeking a rewarding building and exploration adventure."
B08588JHQH,Resident Evil 3 - PlayStation 4,"Resident Evil 3 is a survival horror game where players navigate a zombie-infested Raccoon City, scavenging for resources and battling relentless enemies.  Designed for fans of classic horror and action, this title offers a tense and challenging experience focused on strategic combat and exploration."
B087CR9TR7,DOOM Eternal: Standard Edition - PlayStation 4,"DOOM Eternal is a fast-paced, first-person shooter delivering intense, brutal combat and a focus on aggressive gameplay. This Standard Edition is ideal for fans of action-packed shooters and those seeking a challenging, adrenaline-fueled experience."
B087LSSNG1,Xenoblade Chronicles: Definitive Edition - Nintendo Switch,"Xenoblade Chronicles: Definitive Edition is a sprawling JRPG offering a vast open world to explore and engage in strategic turn-based combat. This expansive adventure is ideal for players who enjoy immersive storytelling, deep character development, and a lengthy, rewarding RPG experience."
B087NM8BB6,Luigi's Mansion 3 - Nintendo Switch [Digital Code],"Luigi’s Mansion 3 is a charming and humorous adventure game where players explore a spooky mansion filled with ghosts, utilizing unique capture mechanics. This family-friendly title offers a blend of puzzle-solving and action gameplay, appealing to fans of Nintendo and those seeking a lighthearted, immersive experience."
B087NN2K41,Mario Kart 8 Deluxe – Booster Course Pass - Nintendo Switch [Digital Code],"Mario Kart 8 Deluxe – Booster Course Pass is a fast-paced racing game for all ages, offering chaotic multiplayer battles and thrilling single-player challenges on a wide variety of tracks.  It’s a perfect choice for families and fans of kart racing games seeking competitive fun and accessible gameplay on the Nintendo Switch."
B087NNPYP3,The Legend of Zelda: Breath of the Wild Master Edition - Nintendo Switch,"This expansive open-world adventure is a sprawling action-RPG experience for Nintendo Switch, allowing players to explore a vast, beautiful Hyrule and forge their own path.  Ideal for fans of exploration, puzzle-solving, and emergent gameplay, it offers a truly immersive and creative adventure."
B087NNZZM8,Animal Crossing: New Horizons (Physical) & Happy Home Paradise [Digital Code] - Nintendo Switch,"This bundle offers a relaxing life simulation experience, blending charming social interaction with creative home design for a casual and enjoyable gameplay loop. Primarily aimed at players seeking a peaceful and customizable escape, it’s perfect for those who enjoy crafting, decorating, and building a thriving island community."
B087SHFL9B,Super Mario Odyssey - Nintendo Switch,"Super Mario Odyssey is a vibrant 3D platformer adventure designed for players of all ages, offering creative level design and collectible gameplay.  It’s a joyful and engaging experience centered around exploration and mastering Mario’s new abilities."
B087SLFYPJ,Fire Emblem: Three Houses - Nintendo Switch [Digital Code],"Fire Emblem: Three Houses is a tactical RPG where players lead a group of students at an academy, commanding them in strategic turn-based battles. This game is ideal for fans of deep strategy, character customization, and engaging narrative experiences, typically appealing to older teens and adults."
B08D3XL1KF,Super Smash Bros. Ultimate: Challenger Pack 2 - [Switch Digital Code],"Super Smash Bros. Ultimate: Challenger Pack 2 is a fighting game offering fast-paced, competitive action for players of all skill levels who enjoy collecting and mastering iconic characters. This digital code provides access to expanded roster and gameplay content within Nintendo’s popular crossover fighting series."
B08F4C6HCD,Legend of Zelda Link's Awakening - Nintendo Switch [Digital Code],"This is a charming 3D adventure game where players explore a mysterious island, solving puzzles and battling monsters in a classic Zelda style.  Ideal for fans of exploration, RPGs, and those seeking a nostalgic, accessible experience."
B08F97Q8HS,New Super Mario Bros. U Deluxe - Nintendo Switch,"New Super Mario Bros. U Deluxe is a classic 2D platformer for the Nintendo Switch, offering joyful cooperative gameplay and vibrant levels suitable for players of all ages. This title delivers a nostalgic and accessible experience, perfect for families and fans of traditional Mario adventures."
B08JHX17ZZ,Super Mario 3D World + Bowser's Fury - Nintendo Switch,"This title offers a vibrant 3D platforming adventure, blending classic Mario gameplay with a new open-world experience. Primarily aimed at families and fans of Nintendo’s iconic characters, it’s a joyful and accessible game for players of all ages."
B08JHZHWZ3,"Super Mario 3D All-Stars - Nintendo Switch, 175 pieces","This collection offers a nostalgic return to classic 3D Mario gameplay, perfect for fans of platforming adventures and families seeking a charming, accessible experience on the Nintendo Switch.  It’s a remastered collection of beloved titles, ideal for players of all ages who enjoy exploring vibrant worlds and solving puzzles."
B08LNPL2J8,Chrono Cross - PlayStation,"Chrono Cross is a sprawling, turn-based RPG offering a complex narrative and intricate world map exploration, appealing to fans of classic JRPGs and strategic combat. Players navigate a richly detailed universe, engaging in battles and uncovering a deep story with multiple endings."
B08MBKGJVY,Kingdom Hearts,"Kingdom Hearts is a fantasy action RPG blending Disney and Final Fantasy worlds, offering a captivating adventure for players who enjoy collecting characters and engaging in strategic turn-based combat. It’s primarily aimed at fans of both Disney and JRPG franchises seeking a sprawling, story-driven experience."
B08MBKQWHB,Yakuza 0 - PlayStation Hits - PlayStation 4,"Yakuza 0 is a sprawling action RPG set in 1980s Japan, blending intense beat-em-up combat with a deep, engaging story and criminal underworld exploration. This game is ideal for players who enjoy mature narratives, open-world exploration, and a unique blend of action and drama."
B08N7RDR45,"PowerA Nintendo Switch Car Charger,USB - Nintendo Switch","This accessory is a convenient USB car charger designed for Nintendo Switch, ideal for gamers on the go. It’s a practical and affordable solution for charging your Switch while traveling, primarily targeting Switch owners who play frequently while mobile."
B08N7VJBH6,Super Mario Maker 2 - Nintendo Switch,Super Mario Maker 2 offers a creative and challenging platforming experience where players design and play their own Mario levels on the Nintendo Switch. This game appeals to fans of classic Mario games and those who enjoy puzzle-solving and level design.
B08VFQ3XJX,Final Fantasy X,"Final Fantasy X is a classic JRPG offering a rich, story-driven experience with turn-based combat and a focus on character relationships.  It’s ideal for players who enjoy immersive fantasy worlds and strategic RPG gameplay."
B08VFQJHYB,Tales of Berseria - PlayStation 4,"Tales of Berseria is a dark fantasy action RPG offering a compelling narrative and strategic combat, appealing to fans of JRPGs and character-driven stories. Players will engage in fast-paced battles and explore a richly detailed world alongside a diverse cast of companions."
B08XQM1QHW,Nintendo Selects: The Legend of Zelda Ocarina of Time 3D,"This Nintendo Selects title offers a remastered version of the classic action-adventure game, *The Legend of Zelda: Ocarina of Time*, appealing to fans of RPGs and adventure games. Players will enjoy exploring a vast world, solving puzzles, and engaging in combat, making it suitable for both longtime Zelda enthusiasts and newcomers to the series."
B093GLPLLB,Final Fantasy XII,"Final Fantasy XII is a sprawling, party-based RPG offering a deep story and strategic turn-based combat, appealing to fans of classic JRPGs and immersive world-building. Players lead a diverse group of characters through a grand adventure, exploring a vast continent and forging alliances."
B0976RZHTV,Marvel's Guardians of the Galaxy Deluxe Edition - Xbox Series X/Xbox One,"Marvel’s Guardians of the Galaxy Deluxe Edition is a third-person action-adventure game where players lead a team of quirky heroes through a sprawling space campaign.  Designed for fans of action RPGs and those who enjoy humorous, team-based gameplay, it’s a great fit for players seeking a fun and engaging experience."
B097B8PBL5,Metroid Dread: Special Edition - Nintendo Switch,"Metroid Dread: Special Edition is a tense, action-adventure game focused on exploration and combat, delivering a classic Metroid experience for fans of sci-fi and challenging gameplay. Primarily aimed at experienced gamers and those seeking a return to the series’ roots, this Switch title offers a refined version of a beloved action-horror adventure."
B0995GXFV4,Life is Strange - Complete Season - Steam PC [Online Game Code],"Life is Strange: Complete Season is a narrative-driven adventure game where players make impactful choices within a compelling story.  Designed for fans of interactive storytelling and character-focused experiences, it offers a deeply emotional journey for mature players."
B09FBW2988,Horizon Forbidden West Collector's Edition - PS4 and PS5 Entitlements,"This action RPG offers a vast open world filled with robotic creatures and challenging combat, appealing to fans of exploration and strategic gameplay.  The Collector’s Edition expands upon the core Horizon Forbidden West experience for both PS4 and PS5, targeting players seeking a comprehensive and immersive adventure."
B09JDLC31H,Rare Replay – Xbox One,"Rare Replay offers a curated collection of classic Rare titles, delivering a nostalgic experience for fans of 2D action platformers and party games. Primarily aimed at gamers seeking a return to classic arcade-style gameplay and a fun, accessible multiplayer experience."
B09KTV12WR,Star Wars Knights of the Old Republic - Xbox,"Star Wars: Knights of the Old Republic is a classic RPG offering a deep, story-driven adventure set in the Star Wars universe.  This game appeals to fans of tactical combat, character customization, and immersive role-playing experiences, primarily targeting players who enjoy classic RPGs and Star Wars lore."
B09MGJXGBF,The Legend of Zelda: Breath of the Wild - Wii U,"This expansive open-world adventure is a sprawling action-RPG, encouraging exploration and creative problem-solving for players who enjoy freedom and emergent gameplay.  The Wii U version of *The Legend of Zelda: Breath of the Wild* offers a vast Hyrule to discover, appealing to fans of fantasy and adventure games."
B09N77RFYL,Elden Ring - PlayStation 4,"Elden Ring is a challenging action RPG set in a vast, open world, offering players a rewarding experience for those who enjoy exploration, strategic combat, and a high degree of player agency.  Designed for experienced gamers and fans of titles like Dark Souls, it’s a demanding but ultimately satisfying adventure."
B09R4K5ZTZ,Bayonetta 2 (Physical Game Card) + Bayonetta (Digital Download) - Nintendo Switch,"Bayonetta 2 and Bayonetta offer a stylish action-adventure experience blending over-the-top combat with a dark, gothic aesthetic.  This collection is ideal for players seeking challenging, fast-paced gameplay and a unique, mature fantasy world."
B09V5R5LSZ,Halo 5: Guardians 9 Gold REQ Packs – Xbox One [Digital Code],"This video is a digital code pack for the sci-fi first-person shooter, Halo 5: Guardians, offering players additional in-game content and customization options. Likely targeted towards fans of the Halo franchise and competitive multiplayer gameplay on Xbox One."
B0B4CRTWGM,Star Wars Knights of the Old Republic II: The Sith Lords,"Star Wars: Knights of the Old Republic II: The Sith Lords is a sprawling RPG where players shape the fate of the galaxy, battling the forces of the Sith through branching narratives and tactical combat. This game appeals to fans of classic RPGs and Star Wars lore seeking a deep, story-driven experience."
B0BDWVBWC9,PowerA Charging Stand for PlayStation 4,"This accessory is a practical charging stand designed for PlayStation 4 controllers, offering convenient charging and storage solutions. It’s a recommended purchase for PlayStation 4 owners seeking a tidy and functional way to manage their controllers."
B0C3KYVDWT,"SanDisk 128GB microSDXC-Card, Licensed for Nintendo-Switch - SDSQXAO-128G-GNCZN","This microSDXC card is a peripheral accessory designed to expand the storage capacity of the Nintendo Switch, primarily appealing to gamers who want to store more digital games and content. It’s a practical upgrade for Switch owners seeking to maximize their gaming library and experience."
B0C5HQ6L7F,Mega Man X Collection - PlayStation 2,"The Mega Man X Collection offers a challenging action platforming experience, harking back to the classic series with updated graphics and multiple playable characters. Primarily aimed at fans of retro gaming and action-oriented gameplay, this collection provides a nostalgic return for seasoned veterans and a rewarding introduction for new players."
B0C5K4M7WJ,"HyperX Cloud II Wireless - Gaming Headset for PC, PS4/PS5, Nintendo Switch, Long Lasting Battery Up to 30 Hours, 7.1 Surround Sound, Memory Foam, Detachable Noise Cancelling Microphone, Mic Monitoring","This wireless gaming headset is ideal for PC and console gamers seeking immersive audio and comfortable long-term use. Featuring 7.1 surround sound and a detachable microphone, it’s a versatile option for competitive and casual players."
