item_id,title,llm_description
B00000JRSB,Final Fantasy VII - PlayStation,Final Fantasy VII is a turn-based RPG featuring deep narrative storytelling and party-based combat. It appeals to fans of narrative-driven RPGs seeking strategic gameplay and rich world-building.
B00001X50M,Metal Gear Solid,Metal Gear Solid is a tactical stealth action game emphasizing strategic infiltration and mission-based gameplay. Recommended for fans of narrative-driven tactical stealth experiences.
B00001XDUB,Silent Hill,"Silent Hill is a psychological horror game series featuring atmospheric exploration, survival mechanics, and monster encounters tied to player psychology, targeting horror enthusiasts and fans of narrative-driven survival experiences."
B0000296O5,Final Fantasy VIII,"Final Fantasy VIII is a turn-based JRPG featuring strategic combat, narrative-driven exploration, and character progression, targeting fans of classic role-playing games with strong storytelling."
B00004Y57G,Final Fantasy IX,Final Fantasy IX is a turn-based JRPG featuring party exploration and strategic combat. It appeals to core JRPG enthusiasts seeking narrative-driven adventures with classic RPG mechanics.
B00004YRQA,PlayStation 2 Memory Card (8MB),"This title refers to a PlayStation 2 memory card accessory (not a game), so it has no genre, gameplay style, or target audience as it is hardware storage for game saves."
B00004YUWA,Ico - PlayStation 2,"Ico is a silent, atmospheric puzzle-platformer where players solve environmental challenges through observation and precise movement. Intended for fans of narrative-driven puzzle games and players seeking contemplative, non-combat experiences."
B00005BW7Q,Xenosaga - PlayStation 2,"Xenosaga (PS2) is a narrative-driven sci-fi RPG featuring turn-based combat and complex story progression, targeting fans of deep, story-focused RPG experiences."
B00005ML10,Metal Gear Solid 2: Sons of Liberty - PlayStation 2,Metal Gear Solid 2: Sons of Liberty is a stealth action game featuring tactical gameplay and environmental puzzles. It appeals to fans of strategic stealth mechanics and action-adventure titles.
B00005NZ1G,Halo: Combat Evolved (Not for Resale),"Halo: Combat Evolved (Not for Resale) is a 2001 first-person shooter featuring fast-paced team combat and multiplayer action, targeting competitive gamers and Halo franchise enthusiasts seeking classic FPS experiences."
B00005O0I2,Grand Theft Auto 3,"Grand Theft Auto 3 is a third-person action-adventure game featuring open-world exploration and mission-based gameplay. Intended for adult players who enjoy fast-paced, immersive urban crime simulations."
B000066JRN,Super Mario Sunshine,"Super Mario Sunshine is a 3D platformer featuring sun-powered platforming challenges and light puzzles. Intended for family-friendly casual players seeking colorful, accessible gameplay."
B00006IJJK,Metroid Prime,"Sci-fi action-adventure game featuring first-person exploration, environmental puzzles, and strategic combat. Intended for fans of challenging, atmospheric puzzle-solving games with a focus on exploration."
B00006LELI,Resident Evil Zero - Gamecube,"Resident Evil Zero is a survival horror game featuring exploration, puzzle-solving, and combat in dark, atmospheric environments. Intended for horror enthusiasts and fans of the Resident Evil franchise seeking challenging action-adventure experiences."
B00006M3R6,Metroid Fusion,"Metroid Fusion is a 2D action-adventure game featuring exploration, puzzle-solving, and combat through a single character with limited movement. It targets retro gaming enthusiasts seeking challenging, atmospheric adventures with precise mechanics and strategic progression."
B000084318,The Legend of Zelda: The Wind Waker,"The Legend of Zelda: The Wind Waker is a 3D action-adventure game emphasizing exploration, puzzle-solving, and combat. It appeals to Zelda series fans and casual adventure gamers seeking story-driven, visually engaging experiences."
B000099T2E,Ratchet & Clank Going Commando,"3D platformer and action-adventure game featuring precise platforming, shooting, and space exploration. Recommended for fans of accessible platformers and the Ratchet & Clank series."
B0001OK7VW,Tales of Symphonia - Gamecube,"Tales of Symphonia is a turn-based JRPG featuring tactical party combat and narrative-driven gameplay, appealing to fans of story-rich RPGs and strategic battle systems."
B0002A6CQ4,Resident Evil 4 - Gamecube,"Resident Evil 4 (GameCube) is a survival horror action game featuring intense combat, puzzle-solving, and resource management in a tense, story-driven environment. Recommended for horror enthusiasts and action gamers seeking challenging gameplay."
B0002RQ3ES,Metal Gear Solid 3 Snake Eater - PlayStation 2,Metal Gear Solid 3: Snake Eater is a stealth-action game featuring tactical infiltration and combat. This title appeals to fans of strategic stealth gameplay and action-adventure enthusiasts on the PlayStation 2 platform.
B0002XL3BA,God of War - PlayStation 2,God of War (PlayStation 2) is a fast-paced action-adventure game featuring intense melee combat and mythological storytelling. It appeals to fans of challenging action sequences and narrative-driven gameplay.
B0009A4EV2,Dragon Quest VIII: Journey of the Cursed King,Dragon Quest VIII is a turn-based JRPG featuring classic character progression and exploration. Intended for JRPG enthusiasts and casual players seeking traditional RPG experiences.
B0009VXAM0,PlayStation 3 60GB System,"This title refers to a PlayStation 3 console hardware configuration, not a video game. Recommender metadata should focus on actual game titles, as this is a system specification for the PlayStation 3 platform."
B0009VXBAQ,Wii,"The title ""Wii"" refers to Nintendo's console platform, not a specific game. For recommender metadata, typical Wii games feature accessible, social multiplayer experiences with physical motion controls, appealing to casual players and families seeking fun, low-barrier entry into gaming."
B000B69E9G,Resident Evil 4 - PlayStation 2,"Third-person action-adventure game featuring intense combat, resource management, and survival mechanics. Intended for mature gamers seeking challenging third-person shooter experiences."
B000ERVMI8,New Super Mario Bros,"New Super Mario Bros. is a fast-paced 2D platformer for Nintendo DS featuring side-scrolling levels with jumping mechanics, power-ups, and coin collection, targeting family and casual gamers seeking accessible Mario-style challenges."
B000FQ2D5E,Metal Gear Solid 4: Guns of the Patriots,Tactical stealth action game emphasizing strategic infiltration and environmental puzzles for experienced gamers who value narrative depth and complex gameplay mechanics.
B000FQ9QVI,Super Mario Galaxy,"Super Mario Galaxy is a 3D platformer game featuring space-themed platforming challenges and puzzle-solving. Intended for children and families seeking accessible, action-oriented gameplay."
B000FQ9R4E,Super Smash Bros. Brawl,Super Smash Bros. Brawl is a competitive 2D fighting game featuring character-based battles with special moves and combos. It appeals to casual and competitive gamers who enjoy Nintendo's crossover characters and accessible fighting mechanics.
B000FQBF1M,Killzone 2 - Playstation 3,"Killzone 2 is a tactical first-person shooter featuring fast-paced combat and destructible environments, appealing to military shooter enthusiasts and PS3 players seeking strategic team-based action."
B000FQBPDU,Metroid Prime 3: Corruption,"Metroid Prime 3: Corruption is a sci-fi action-adventure game emphasizing exploration, puzzle-solving, and combat. Intended for fans of exploration-focused action games."
B000FRV2UK,The Legend of Zelda: Phantom Hourglass,The Legend of Zelda: Phantom Hourglass is a 3D puzzle-platformer featuring challenging island exploration and intricate puzzle-solving mechanics. It targets Zelda series fans seeking strategic adventure gameplay with a focus on environmental puzzles.
B000G6SPHI,God of War 2 - PlayStation 2,"God of War 2 (PlayStation 2) is a fast-paced action-adventure game featuring intense melee combat and third-person gameplay, targeting mature fans of challenging action titles."
B000M17AVO,Sony PlayStation 3 Blu-ray Disc Remote,"This title does not represent a video game but refers to the physical Sony PlayStation 3 Blu-ray Disc Remote device. No gameplay exists for this product, so it cannot be recommended as a game title—likely a confusion with another game name."
B000N5Z2L4,Xbox Live Gold: 1 Month Membership [Digital Code],Xbox Live Gold: 1 Month Membership is a digital subscription service providing access to Xbox online features. Intended for Xbox users seeking temporary online functionality without game purchases.
B000OLXX86,Mass Effect - Xbox 360,"Mass Effect is a sci-fi action RPG featuring third-person combat, character-driven narrative choices, and squad management. This game appeals to fans of narrative-focused RPGs with strategic space combat and deep storytelling."
B000OYMYZQ,Xbox 360 Black Play and Charge Kit,"This title refers to an Xbox 360 hardware accessory kit, not a video game. Therefore, it has no applicable genre, gameplay style, or intended audience for game recommender metadata."
B000P46NKC,Resident Evil 4,Resident Evil 4 is a third-person action-adventure game featuring intense survival horror gameplay with combat-focused mechanics. It appeals to fans of challenging action titles and mature audiences seeking immersive horror experiences.
B000TLU67W,PlayStation 2 Console Slim PS2,"This is not a video game title but refers to the PlayStation 2 console hardware. Recommender metadata should focus on actual games, not console models."
B000UC5ML0,Ratchet and Clank Future: Tools of Destruction - Playstation 3,"Ratchet and Clank Future: Tools of Destruction is a 3D action-adventure platformer emphasizing exploration, puzzle-solving, and combat. Intended for fans of the series and adventure gamers who enjoy creative problem-solving and non-linear exploration."
B000UW21A0,Uncharted: Drake's Fortune - Playstation 3,"PlayStation 3 exclusive third-person action-adventure game featuring exploration, puzzle-solving, and cinematic storytelling. Intended for fans of narrative-driven action games with a focus on stealth and environmental challenges."
B000VTQ3LU,PlayStation Eye,PlayStation Eye is not a video game but a PlayStation 3 camera accessory; this title does not represent a game.
B000ZK7ZOE,inFAMOUS - Playstation 3,inFAMOUS (PS3) is a first-person action-adventure game featuring fast-paced combat and environmental puzzles. Recommended for action game enthusiasts seeking dynamic gameplay and character-driven challenges.
B000ZK9QCS,God of War III - Playstation 3,God of War III (PlayStation 3) is a third-person action-adventure game featuring fast-paced combat and mythological storytelling. Targeted at fans of intense action games and narrative-driven combat experiences.
B0010AYJXI,Alan Wake - Xbox 360,"Alan Wake is a psychological horror game featuring exploration, puzzle-solving, and narrative-driven gameplay. It targets horror enthusiasts and fans of story-rich experiences."
B0013RATNM,Just Cause 2 - Xbox 360,"Just Cause 2 is a third-person action-adventure game featuring physics-based destruction and chaotic gameplay, ideal for action game enthusiasts seeking over-the-top destruction mechanics."
B0014CN2H6,Shin Megami Tensei: Persona 3 FES - PlayStation 2,"Shin Megami Tensei: Persona 3 FES is a psychological horror RPG featuring turn-based combat, character development, and narrative-driven social simulation mechanics. This PlayStation 2 title appeals to mature RPG enthusiasts seeking deep storytelling and challenging character interactions."
B0015AARJI,PlayStation 3 Dualshock 3 Wireless Controller (Black),"This is not a video game title but a PlayStation 3 controller accessory; recommender metadata requires a game title for genre, gameplay, and audience analysis."
B001BKLE58,Halo 2 - Xbox,"A sci-fi first-person shooter featuring competitive team-based multiplayer combat and a narrative-driven single-player campaign, appealing to competitive gamers and sci-fi enthusiasts."
B001C6GVI6,Shin Megami Tensei: Persona 4 - PlayStation 2,Shin Megami Tensei: Persona 4 (PS2) is a psychological JRPG featuring social simulation mechanics and turn-based combat. Recommended for JRPG enthusiasts who appreciate character-driven narratives and strategic gameplay.
B001D8Q5MA,Grand Theft Auto IV [Online Game Code],"Grand Theft Auto IV is an open-world action-adventure game featuring criminal heists, vehicle-based combat, and narrative-driven gameplay, targeting adult players who enjoy fast-paced crime simulations and urban exploration."
B001DLUESI,Devil May Cry 3: Dante's Awakening - PlayStation 2 (Special),A fast-paced action game featuring stylish combat and weapon-based challenges for skilled players. Intended for fans of third-person action titles with high difficulty and precise gameplay mechanics.
B001E27DLM,Chrono Trigger,Chrono Trigger is a time-travel action-adventure RPG featuring strategic combat and historical puzzle-solving. Intended for fans of classic turn-based strategy and narrative-driven games.
B001E8WQJA,Resident Evil - Gamecube,"This GameCube port of the classic survival horror series features tense exploration, monster combat, and resource management. Intended for horror enthusiasts and fans of atmospheric action-adventure games."
B001E8WQLI,Resident Evil: Code Veronica X - PlayStation 2,This PlayStation 2 re-release of Resident Evil: Code Veronica features horror gameplay centered on survival mechanics and combat against enemies. It targets series fans and horror enthusiasts seeking nostalgic experiences from the late 1990s to early 2000s.
B001E8WQUY,Rock Band 2 - Nintendo Wii (Game only),"Rock Band 2 is a rhythm game where players use Nintendo Wii motion controls to sing and play instrument-based challenges. It targets casual gamers and music enthusiasts seeking social, party-style gameplay with accessible music challenges."
B001E90AE2,Saints Row 2 - Playstation 3,"Saints Row 2 is a fast-paced third-person shooter featuring chaotic, vehicle-based combat and open-world exploration. Intended for casual to hardcore fans of over-the-top action games."
B001E91OLK,Rock Band - Nintendo Wii (Game only),"A rhythm game where players use Wii motion controllers to perform instrument parts and vocals in rock band-style songs, targeting casual gamers and music enthusiasts seeking social, physical gameplay."
B001EHD9GA,Left 4 Dead - Game of the Year Edition - PC,Cooperative horror survival game where players team up to survive waves of zombies. Intended for fans of team-based horror and strategic survival gameplay.
B001EHD9JW,Lego Indiana Jones: The Original Adventures,"Lego Indiana Jones: The Original Adventures is a puzzle-adventure game featuring Lego-style exploration, puzzle-solving, and light combat mechanics. Designed for family-friendly audiences, it appeals to children and casual players seeking accessible, creative gameplay."
B001EHD9N8,Lego Star Wars: The Complete Saga - Xbox 360,"Family-friendly Lego puzzle-adventure with physics-based building mechanics and humorous Star Wars storytelling, targeting casual players and Star Wars enthusiasts seeking accessible, light-hearted gameplay."
B001ELJDU2,Nintendo Game Boy Advance SP - Graphite,"This puzzle game involves manipulating colored blocks to solve spatial patterns on the Nintendo Game Boy Advance SP handheld console. It targets casual gamers and puzzle enthusiasts seeking strategic, mentally engaging gameplay with minimal resource demands."
B001ELJDWA,Gears of War 2 Limited Edition -Xbox 360,"A fast-paced first-person shooter featuring intense melee combat and team-based action. Targeted at action game enthusiasts and Gears of War fans seeking brutal, high-intensity combat experiences."
B001ELJE1A,Grand Theft Auto: San Andreas - Xbox 360 Digital Code,"Grand Theft Auto: San Andreas is an open-world action-adventure game featuring driving, shooting, and freedom-based gameplay. It appeals to fans of the GTA series seeking story-driven experiences with extensive exploration options."
B001ELJE5G,Guitar Hero III: Legends of Rock - Xbox 360,"A rhythm game where players simulate guitar solos using a handheld controller, targeting casual gamers and music enthusiasts seeking accessible, social gameplay."
B001ELJE5Q,Wii Guitar Hero World Tour Band Kit,"A motion-controlled rhythm game where players use physical guitars to play virtual songs, designed for casual gamers and families seeking social, accessible music experiences."
B001ELJE6K,GUN - PC,"GUN is a tactical first-person shooter for PC that emphasizes stealth and strategic combat, appealing to indie gamers and tactical shooter enthusiasts."
B001ELJE88,Halo 3 Limited Edition -Xbox 360,"Halo 3 Limited Edition is a first-person shooter featuring fast-paced team combat, multiplayer battles, and a story mode, appealing to core FPS enthusiasts and competitive players on Xbox 360."
B001ELJEJM,GameCube Console - Legend of Zelda Bundle - Indigo,"This action-adventure game features exploration, puzzle-solving, and combat in a fantasy world. Intended for Zelda series fans and casual players seeking narrative-driven gameplay. (Note: ""Indigo"" refers to *The Legend of Zelda: Indigo*, a mobile game, not a GameCube title; the GameCube console is unrelated to this specific release.)"
B001ENPDJA,PS3 Wireless Keypad,"This title refers to a PlayStation 3 wireless controller accessory, not a video game. It serves as a hardware input device for PS3 players seeking wireless control options, targeting PlayStation 3 users who require portable or wireless controller solutions."
B001EYUNE4,Tekken 5 - PlayStation 2,"Tekken 5 is a competitive 3D fighting game featuring fast-paced, technical combat with character-specific moves and combos. Intended for fighting game enthusiasts and competitive players."
B001EYUNHG,Street Fighter IV - Playstation 3,"Street Fighter IV is a competitive 2D fighting game featuring real-time combat with precise inputs and character-based battles, targeting both competitive players and casual fans of the genre."
B001EYUNPI,The Elder Scrolls IV: Oblivion (Collector's Edition) -Xbox 360,An open-world action RPG featuring player-driven exploration and fantasy combat within the Elder Scrolls universe. Recommended for RPG enthusiasts seeking deep narrative engagement and expansive world interaction.
B001EYUNUS,The Legend of Zelda: A Link to the Past,Classic 1991 side-scroller action-adventure game featuring puzzle-solving and exploration. Intended for retro gaming enthusiasts and players who enjoy challenging yet accessible adventure mechanics.
B001EYUNVC,The Legend of Zelda: Twilight Princess,"The Legend of Zelda: Twilight Princess is a 3D action-adventure game featuring exploration, combat, and puzzle-solving. It targets fans of the Zelda series and action-adventure enthusiasts seeking challenging gameplay."
B001EYUNYY,The Orange Box - Playstation 3,"The Orange Box is a PlayStation 3 compilation of four first-person shooter games featuring cooperative and competitive multiplayer gameplay, ideal for casual to hardcore gamers seeking action and strategic challenges."
B001EYUPCO,Condemned: Criminal Origins (Dvd) - PC,"Condemned: Criminal Origins is a fast-paced action horror game emphasizing melee combat and survival challenges. Ideal for mature audiences seeking intense, narrative-driven gameplay with high risk-reward mechanics."
B001EYUPE2,Crisis Core: Final Fantasy VII - Sony PSP,"This narrative-driven turn-based tactical JRPG offers strategic combat and world exploration, targeting experienced Final Fantasy fans seeking story-focused gameplay experiences."
B001EYUPHO,Dead Space - PC,"A first-person sci-fi horror shooter featuring intense body horror and survival combat, appealing to enthusiasts of atmospheric tension and tactical gameplay."
B001EYUPOC,Doom 3 Limited Collector's Edition - Xbox (Collector's),"Cooperative first-person shooter with intense team-based combat against monster hordes, targeting action and horror enthusiasts."
B001EYUQ8C,BioShock,"BioShock is a narrative-driven first-person shooter with environmental storytelling and puzzle mechanics. Intended for players who appreciate immersive storytelling and strategic gameplay in mature, thematic contexts."
B001EYUQ8M,BioShock 2 Special Edition -Xbox 360,"BioShock 2 Special Edition is a narrative-driven first-person shooter featuring environmental storytelling and puzzle-solving mechanics, targeting players who appreciate immersive sci-fi themes and challenging, story-focused gameplay."
B001EYUQDW,Borderlands Ultimate Edition - PS3 [Digital Code],Borderlands Ultimate Edition is a fast-paced first-person shooter RPG featuring loot-driven combat and competitive multiplayer. This title appeals to casual gamers and action enthusiasts seeking humor and over-the-top gameplay.
B001EYUQN2,Burnout Paradise - Playstation 3,"Burnout Paradise is a high-octane street racing game featuring physics-based vehicle destruction and chaotic urban races, targeting fans of fast-paced, competitive driving experiences."
B001EYUQT6,Call of Duty 2 - PC,Call of Duty 2 is a military first-person shooter featuring team-based tactical combat and fast-paced multiplayer action. It appeals to competitive FPS enthusiasts and military simulation fans seeking classic online multiplayer experiences.
B001EYUQTQ,Call of Duty 4: Modern Warfare - Game of the Year Edition,First-person tactical military shooter featuring realistic combat and multiplayer gameplay. Intended for FPS enthusiasts and competitive players seeking intense tactical experiences.
B001EYUQVE,Call of Duty: World at War Final Fronts - PlayStation 2,"This title is incorrect as PlayStation 2 versions do not exist for *Call of Duty: World at War Final Fronts*; the game is a WWII-themed first-person shooter with tactical combat and multiplayer, targeting military history enthusiasts and FPS fans."
B001EYUS2Q,Fable - Best of Platinum - Xbox (Platinum),This Xbox compilation features classic Fable action-adventure RPG gameplay with exploration and combat. Ideal for fans of accessible RPGs and action-adventure titles.
B001EYUSFS,Fight Night Round 3 - Playstation 3,Fight Night Round 3 is a realistic boxing simulation featuring competitive matches with emphasis on precise timing and strategic combat. Intended for competitive boxing enthusiasts and simulation gamers seeking authentic fighting mechanics.
B001EYUSJ4,Final Fantasy XIII - Playstation 3,Final Fantasy XIII is a third-person action RPG featuring story-driven combat and exploration. Recommended for fans of narrative-heavy RPGs seeking challenging gameplay.
B001EYUVZK,Okami - PlayStation 2,Okami is a hand-drawn 2D action puzzle game where players use a brush to draw elemental effects. Targeted at fans of atmospheric art games and puzzle mechanics.
B001EYUW3Q,Tom Clancy's Splinter Cell | PC Code - Ubisoft Connect,"Tom Clancy's Splinter Cell is a tactical stealth-action game emphasizing precision aiming and environmental puzzles over direct combat. This PC title via Ubisoft Connect targets experienced stealth enthusiasts seeking challenging, methodical gameplay."
B001EYUW6S,Tomb Raider Anniversary for wii,"Tomb Raider Anniversary (Wii) is a 3D action-adventure game featuring exploration, puzzle-solving, and combat in a linear third-person style, appealing to Tomb Raider fans and action-adventure enthusiasts seeking challenging yet accessible gameplay."
B001EYUWWW,Unreal Tournament III Collector's Edition - PC,Unreal Tournament III Collector's Edition is a competitive first-person shooter focused on fast-paced team deathmatches and online multiplayer action. Intended for experienced PC gamers seeking high-intensity competitive gameplay and the Unreal Tournament series' signature team-based combat.
B001EYUXBM,Tom Clancy's Rainbow Six Vegas | PC Code - Ubisoft Connect,"Tom Clancy's Rainbow Six Vegas is a tactical first-person shooter emphasizing team coordination and strategic planning in competitive multiplayer settings, targeting experienced gamers who appreciate realistic combat and cooperative gameplay."
B001EYUXIK,Star Wars Battlefront II - Xbox,"Star Wars Battlefront II (Xbox) is a competitive first-person shooter featuring space combat and vehicle battles, targeting Star Wars enthusiasts and competitive multiplayer gamers."
B001EYUXXK,Silent Hill Origins - PlayStation 2,"Silent Hill Origins is a psychological horror game featuring exploration, puzzle-solving, and survival mechanics within a dark, atmospheric environment. Intended for horror enthusiasts and fans of the Silent Hill franchise seeking narrative-driven, challenging experiences."
B001EYUY8Y,Soul Calibur IV - Xbox 360,"Soul Calibur IV is a competitive 3D fighting game emphasizing technical precision and strategic depth, ideal for experienced fighting game enthusiasts seeking challenging matches."
B001F8188Y,Nintendo DS Lite Cobalt / Black,This title does not exist as a video game; Nintendo DS Lite is a handheld console with Cobalt/Black color variants. No game is associated with this name.
B001G6063S,Prince of Persia: The Sands of Time,Action-adventure game featuring time-manipulation platforming with dynamic combat. Recommended for nostalgic gamers and action-adventure enthusiasts seeking challenging puzzle-solving.
B001G7PSIU,Just Cause 2 - Xbox 360 Digital Code,"Just Cause 2 is a physics-based action-adventure game featuring explosive destruction mechanics and open-world exploration. Ideal for action game enthusiasts who enjoy chaotic, free-roaming gameplay."
B001G7PTAC,Resistance 2 Collector's Edition - Playstation 3,"PS3-exclusive first-person shooter with cooperative multiplayer and tactical combat, appealing to fans of military sci-fi action games and competitive team play."
B001IVXI7C,LittleBigPlanet - Playstation 3,"A creative 3D platformer where players build and customize worlds before tackling physics-based challenges. Intended for casual gamers and creative enthusiasts seeking playful, user-generated content experiences."
B001JKTC9A,Uncharted 2: Among Thieves - Playstation 3,"Uncharted 2: Among Thieves is a third-person action-adventure game featuring exploration, puzzle-solving, and combat. Intended for adventure game enthusiasts and action-oriented players seeking cinematic storytelling."
B001KMRN0M,PlayStation Portable 3000 Core Pack System - Piano Black,"This title does not represent a video game but refers to a specific color variant (Piano Black) of the PlayStation Portable 3000 hardware bundle. It is not a playable game title and therefore has no applicable genre, gameplay, or audience for recommender metadata."
B001Q4HLFQ,Guitar Hero Metallica - Playstation 3,"Guitar Hero Metallica is a rhythm game where players simulate metal guitar solos using a handheld controller. Intended for metal music enthusiasts and casual gamers seeking accessible, fast-paced musical challenges."
B001QCWRWK,Batman: Arkham Asylum - Xbox 360,"This Xbox 360 action-adventure game features Batman's parkour-based combat and detective gameplay, targeting superhero fans and action enthusiasts."
B001QCWRY8,Darksiders - Xbox 360,"Darksiders is a fast-paced action-adventure game featuring third-person melee combat and boss battles, targeting action-oriented players who enjoy challenging, story-driven gameplay."
B001QCWRZC,Dragon Age: Origins Digital Deluxe Edition [Download],"Dragon Age: Origins is a fantasy role-playing game featuring strategic turn-based combat and narrative-driven choices. It targets mature players who enjoy deep storytelling, character progression, and immersive RPG mechanics."
B001QCWSGU,Sonic's Ultimate Genesis Collection (Greatest Hits) - PlayStation 3,"This retro platformer compilation features high-speed platforming with precise timing challenges from classic Sega Genesis Sonic games. Ideal for nostalgic 90s gamers and modern retro enthusiasts seeking fast-paced, arcade-style action."
B001QCWSHO,X-Men Origins: Wolverine - Uncaged Edition - PC,PC third-person action game featuring fast-paced melee combat and X-Men universe storytelling. Recommended for comic/movie fans and casual action players seeking accessible combat experiences.
B001SEQWXQ,Red Dead Redemption,"Red Dead Redemption is a western action-adventure game featuring open-world exploration and shooting mechanics, targeting mature players who enjoy narrative-driven western themes."
B001SGZL2W,Red Dead Redemption - Playstation 3,"Western action-adventure game featuring open-world exploration, horseback combat, and narrative-driven quests. Intended for fans of Westerns and action games seeking immersive storytelling."
B001T0HVGQ,Xbox 360 Elite System Console Includes 120GB Hard Drive,"This is not a video game but an Xbox 360 console hardware bundle; therefore, it has no genre, gameplay style, or target audience for game recommendations. The description refers to a system console with storage, not a playable title."
B001TOMQVC,Dead Space Extraction,Dead Space Extraction is a first-person horror survival game emphasizing tense environmental storytelling and resource-limited combat. Intended for horror enthusiasts who enjoy psychological tension and body horror elements.
B001TXF9ZS,LittleBigPlanet - Game of the Year Edition Playstation 3,"A creative 3D platformer with player-built levels and physics-based puzzles, designed for family-friendly casual gamers and creative players seeking accessible, cooperative gameplay."
B00267RVX4,Assassin's Creed 2 Deluxe Edition [Download],Historical stealth action-adventure game featuring strategic stealth missions and combat. Recommended for fans of narrative-driven stealth gameplay and historical settings.
B00267S2A0,Call of Duty: Modern Warfare 2 - Playstation 3,"Call of Duty: Modern Warfare 2 (PS3) is a first-person shooter featuring team-based combat and multiplayer gameplay, targeting mature gamers with experience in tactical shooters."
B00269QLI8,Call of Duty Modern Warfare 2 - Xbox 360,"This Xbox 360 first-person shooter delivers tactical team-based combat in fast-paced multiplayer sessions, targeting competitive gamers who enjoy military-themed shooter action."
B0026P3CE8,Call of Juarez: Bound in Blood - PC,"This first-person shooter features realistic combat and morally complex narratives in a gritty setting, targeting mature audiences who appreciate narrative-driven action games with social themes."
B0029F2FB6,Xbox 360 Pro 20 GB,"This title refers to an Xbox 360 console model (not a video game), specifically the 20 GB storage variant released in 2008. Recommender metadata should focus on actual games, as this is a hardware product."
B0029LJIFG,Xbox LIVE 12 Month Gold Membership Card,This is not a video game but an Xbox Live Gold subscription service providing 12 months of online features. Intended for Xbox users seeking extended access to multiplayer services and exclusive content.
B002BSA298,Kinect Sensor with Kinect Adventures!,"Motion-controlled games leveraging body tracking for physical interaction, ideal for families and casual gamers seeking active play experiences."
B002BSA388,Super Mario Galaxy 2,Super Mario Galaxy 2 is a 3D platformer featuring space-themed levels where players navigate with precise jumping and puzzle-solving. Intended for casual gamers and Mario enthusiasts seeking accessible yet challenging platforming.
B002BSC54I,The Legend of Zelda: Skyward Sword with Music CD,"The Legend of Zelda: Skyward Sword with Music CD is a 3D action-adventure game soundtrack collection featuring the original music from Nintendo's 2001 Skyward Sword title, appealing to Zelda fans and retro gaming enthusiasts."
B002BSH3KE,Crysis 2 - PC,"Crysis 2 is a high-tech military first-person shooter emphasizing physics-based combat and stealth mechanics, appealing to experienced FPS enthusiasts who value technical depth and action-oriented gameplay."
B002BSH82M,Left 4 Dead 2 - PC,Left 4 Dead 2 is a cooperative first-person horror shooter where players team up to survive waves of zombies through strategic coordination and resource management. Targeted at fans of team-based survival horror and competitive co-op gameplay.
B002CZ38KA,Heavy Rain - Greatest Hits,Heavy Rain: Greatest Hits is a narrative-driven interactive drama compilation featuring environmental puzzle-solving and player choice mechanics. Intended for mature audiences seeking immersive storytelling experiences with psychological thriller elements.
B002I08CSW,The Wonderful 101,"A side-scrolling platformer featuring precise platforming, combat, and puzzle-solving mechanics. Recommended for fans of indie action games who enjoy challenging yet stylish level design."
B002I092MM,Super Mario 3D Land,"Super Mario 3D Land is a 3D platformer game featuring precise jumping mechanics and level-based challenges. It appeals to casual gamers and Mario enthusiasts seeking accessible, fast-paced platforming action."
B002I094AC,Star Fox 64 3D,"Star Fox 64 is a 3D space shooter featuring fast-paced aerial combat and precise maneuvering. This game appeals to action game enthusiasts and competitive players seeking high-speed, skill-based space combat challenges."
B002I096AA,Nintendo 3DS - Cosmo Black,"Cosmo Black is a turn-based gravity puzzle game for the Nintendo 3DS where players manipulate spatial challenges through strategic moves, targeting casual puzzle enthusiasts and Nintendo 3DS users seeking mind-bending mechanics."
B002I0GF72,The Legend of Zelda: The Wind Waker HD,"A 3D action-adventure game featuring exploration, platforming, and puzzle-solving in a vibrant open world. Intended for Zelda fans and players aged 10+."
B002I0H79C,Gears of War 3,"Gears of War 3 is a third-person shooter featuring intense, fast-paced combat and team-based gameplay, ideal for action-oriented gamers and fans of the series."
B002I0IVC4,Super Street Fighter IV: 3D Edition - Nintendo 3DS,"Super Street Fighter IV: 3D Edition is a competitive 2D fighting game featuring fast-paced one-on-one combat with character-specific movesets, targeting experienced Street Fighter enthusiasts and competitive gamers."
B002I0J45C,3D Dot Game Heroes - Playstation 3,"This PS3-exclusive 3D puzzle-platformer features character-based dot mechanics in fast-paced puzzle challenges, targeting casual to intermediate players seeking accessible gameplay."
B002I0J4NE,PlayStation Move Starter Bundle,"This motion-controlled bundle features action-adventure games requiring physical movement for gameplay, targeting casual players and families seeking interactive, body-based gaming experiences."
B002I0J4VQ,PlayStation 3 Slim 120GB (Old Model),"This is not a video game title but a specific PlayStation 3 console model (hardware). Recommender metadata should describe actual games, not console hardware specifications."
B002I0J51U,Playstation 3 Move Motion Controller,"This title appears to be a misunderstanding; ""PlayStation 3 Move Motion Controller"" refers to Sony's motion controller accessory, not a specific video game. For recommender metadata, typical motion-controlled games (like *Just Dance* or *Dance Dance Revolution*) fall into the fitness/entertainment genre with physical movement gameplay, targeting casual and family audiences seeking active, social play experiences."
B002I0J5FG,The ICO and Shadow of the Colossus Collection,"This collection features atmospheric action-adventure and puzzle-platformer titles known for challenging exploration and narrative-driven gameplay, targeting mature gamers who appreciate cinematic storytelling and strategic combat."
B002I0J5JW,Tomb Raider Trilogy,"Action-adventure games centered on exploration, puzzle-solving, and combat within ancient ruins. Targeted at adventure gaming enthusiasts and casual to moderate players seeking exploration challenges."
B002I0K3CK,New Super Mario Bros. U,"A 2D platformer for Wii U featuring touch-based gameplay with power-ups and level challenges, targeting casual players and families."
B002I0K3PM,Lego City: Undercover - Nintendo Wii U,"Lego City: Undercover is a physics-based platformer puzzle game featuring blocky, humorous stealth mechanics and casual, non-violent gameplay. Ideal for families and casual gamers seeking lighthearted, accessible Lego-style challenges with creative problem-solving."
B002I0K6DG,Killzone 3 - Playstation 3,"Killzone 3 is a fast-paced third-person shooter featuring tactical team combat and vehicle-based warfare. It appeals to military shooter enthusiasts seeking intense, strategic gameplay experiences."
B002I0K6X6,Playstation Move Navigation Controller,"This title does not correspond to a known PlayStation game; PlayStation Move is a motion controller system for PlayStation 3 games. Typical Move titles feature motion-controlled gameplay in genres like action, adventure, and sports, appealing primarily to players comfortable with physical interaction and motion-based mechanics."
B002JTX5RK,Battlefield: Bad Company 2 - PS3 [Digital Code],"Team-based tactical first-person shooter featuring large-scale battles and cooperative multiplayer, ideal for competitive gamers who enjoy strategic team combat."
B002JTX72S,PlayStation 3 Dualshock 3 Wireless Controller (Urban Camouflage) - Playstation 3,"This title is not a video game but a PlayStation 3 Dualshock 3 Wireless Controller accessory with an urban camouflage design. Recommender metadata should focus on actual games, not hardware peripherals."
B002JTX7JQ,Mass Effect 2 [Download],"Mass Effect 2 is a science fiction role-playing game featuring tactical combat and narrative-driven choices, appealing to players who enjoy story-rich RPGs and sci-fi themes."
B002JTX7KA,Max Payne 3 - PC,"Max Payne 3 is a narrative-driven third-person action shooter featuring intense gunplay and tactical combat within a dark, gritty setting. It targets players who enjoy story-focused action games with psychological tension and stylish shooting sequences."
B002JTX89A,Sonic & SEGA All-Stars Racing - Nintendo Wii,Sonic & SEGA All-Stars Racing is a competitive kart racing game on Nintendo Wii featuring power-up mechanics and character-specific abilities. Targeted at Wii casual players and SEGA character fans seeking accessible racing action.
B002JTX9RQ,Split / Second - PC,"Split/Second is a fast-paced first-person shooter featuring time manipulation mechanics that enable dual-direction movement, ideal for action-oriented players seeking high-intensity, adrenaline-driven gameplay."
B002KAS4OW,Demon's Souls - PS3 [Digital Code],"Demon's Souls is a challenging action RPG featuring intricate combat mechanics and permadeath consequences. Intended for hardcore RPG enthusiasts who relish difficult, strategic gameplay."
B002LLRLMQ,Marvel: Ultimate Alliance,Marvel: Ultimate Alliance is a team-based action RPG where players collect and battle Marvel characters through cooperative gameplay. This title appeals to Marvel fans and casual strategy gamers seeking team-based combat experiences.
B002XVUT3M,Wii Nunchuk Controller - White,"This title refers to a Wii controller accessory, not a video game. It serves as a physical input device for Wii console gameplay, targeting users who play Wii-compatible titles across casual and competitive genres."
B002Z01QO2,New Super Mario Bros. Wii,"2D platformer with precise jumping mechanics and coin collection, targeting casual players and families."
B0030H8I4K,Batman: Arkham Origins Collectible Case for PS3,"Batman: Arkham Origins is a PS3-exclusive third-person action-adventure game featuring combat, exploration, and puzzle-solving in Gotham City, targeting Batman enthusiasts and action game fans."
B0030MEITE,Transformers: War for Cybertron - Xbox 360,"Third-person action-strategy game featuring team-based combat between Autobots and Decepticons. Recommended for Transformers fans and players who enjoy fast-paced, tactical battles."
B0032C9V7G,Dead Space 2 Collector's Edition - PC,"Dead Space 2 is a first-person survival horror shooter featuring intense body horror elements and puzzle-solving gameplay, appealing to PC gamers who enjoy atmospheric tension and strategic combat."
B00341B3LW,Prince of Persia: The Forgotten Sands - Xbox 360,"Action-adventure game featuring precise platforming and puzzle-solving with fluid acrobatics. Intended for fans of challenging, story-driven games requiring quick reflexes and strategic thinking."
B0036EWMIK,Castlevania: Lords of Shadow,"Castlevania: Lords of Shadow is a third-person action-adventure game emphasizing precise platforming and combat, ideal for action game enthusiasts seeking challenging, skill-based gameplay."
B0036F0V4G,Metal Gear Rising Revengeance - Xbox 360,"A third-person action game featuring fast-paced, stylish melee combat with high-stakes tactical challenges. Intended for Metal Gear series fans and action enthusiasts seeking intense, high-intensity combat experiences."
B0037Z0HEE,Resident Evil 5: Gold Edition - Xbox 360,"Xbox 360 survival horror game featuring tense exploration and combat against zombies, appealing to Resident Evil series fans and horror enthusiasts."
B003BFW4OG,Super Street Fighter IV - Playstation 3,Super Street Fighter IV is a competitive 2D fighting game featuring real-time combat with precise input timing. It targets experienced players and Street Fighter enthusiasts seeking tactical battles.
B003BLUA64,Wii Classic Controller Pro - Black - Nintendo Wii Standard Edition,This is not a video game but a Nintendo Wii controller accessory. It enables motion-controlled gameplay for Wii titles and targets Wii console players seeking standard controller functionality.
B003DOSRSW,Deus Ex Human Revolution - Augmented Edition -Xbox 360,Deus Ex: Human Revolution Augmented Edition is a cyberpunk action RPG emphasizing stealth-based gameplay and ethical decision-making through hacking mechanics. Intended for strategy-focused players who appreciate narrative depth and moral choices in a sci-fi setting.
B003HGGN82,Bulletstorm - Xbox 360,"Bulletstorm is a fast-paced first-person shooter emphasizing intense combat and melee/ranged weapon combinations, targeting action-oriented players who enjoy high-intensity, minimalistic gameplay."
B003INEQ0G,NBA 2K11 - Xbox 360,"NBA 2K11 is a basketball simulation game featuring realistic player mechanics and competitive team play, targeting NBA enthusiasts and sports simulation fans."
B003IPCF02,Halo Reach - Legendary Edition,"Military sci-fi first-person shooter with fast-paced combat and team-based multiplayer, ideal for Halo enthusiasts and competitive action gamers."
B003JBHG7C,L. A. Noire,L. A. Noire is a detective simulation game centered on solving crimes through evidence analysis and suspect interviews. Recommended for narrative-driven puzzle enthusiasts and players who enjoy investigative gameplay.
B003JBHG90,LEGO Star Wars III: The Clone Wars,"LEGO Star Wars III: The Clone Wars is a physics-driven action-adventure game featuring puzzle mechanics and creative destruction. Its casual, family-friendly gameplay targets players aged 8 and up who enjoy accessible, humorous gaming experiences."
B003JVKHEQ,Call of Duty: Black Ops - Xbox 360,"A tactical first-person shooter featuring military-themed missions and competitive multiplayer, targeting FPS enthusiasts and military simulation fans."
B003L77YKS,Assassin's Creed: Brotherhood - PC,"Assassin's Creed: Brotherhood is a historical action-adventure game featuring stealth combat and narrative-driven missions set in 15th-century Europe, appealing to series fans and action-adventure enthusiasts."
B003N18O5Q,Vanquish - Playstation 3,"Vanquish is a fast-paced third-person shooter featuring intense combat and environmental manipulation mechanics, appealing to action-oriented players seeking competitive, high-stakes gameplay."
B003NSLGW2,Grip-iT Analog Stick Covers,"This title does not refer to a video game but rather to a physical controller accessory product (analog stick covers). It is intended for gamers seeking customizable controller peripherals, with no gameplay mechanics or genre applicable to a video game recommendation system."
B003O680RM,The Sly Collection - Playstation 3,"The Sly Collection is a stealth platformer series featuring precise platforming and gadget-based challenges, targeting action-adventure enthusiasts aged 12 and above."
B003O6E800,The Legend of Zelda: Ocarina of Time 3D,"This 3D action-adventure game features exploration, combat, and puzzle-solving mechanics, appealing to nostalgic Nintendo fans and adventure game enthusiasts."
B003O6EATE,PlayStation Vita - Wifi,"This PlayStation Vita puzzle game features strategic network-based problem-solving through Wi-Fi connections, targeting casual players and puzzle enthusiasts seeking accessible brain-teasing challenges."
B003P9VWPA,Red Faction Armageddon - PC,"A physics-based first-person shooter featuring environmental destruction and vehicle combat, ideal for PC gamers who enjoy fast-paced action with destruction mechanics."
B003R7JXOM,Need For Speed Hot Pursuit - Nintendo Wii,"Need for Speed: Hot Pursuit on Wii is a motion-controlled racing game featuring high-speed car chases and open-world racing, appealing to casual and competitive players who enjoy intuitive Wii controls."
B003S3RFAY,"Warhammer 40,000: Space Marine-PS3","A tactical first-person shooter featuring squad-based combat in the grimdark Warhammer 40,000 universe. Intended for mature fans of sci-fi strategy and lore-heavy games."
B003S9VNWE,WWE All Stars - PlayStation 2,WWE All Stars (PS2) is a wrestling simulation game featuring character-based matches with strategic combat mechanics. It targets WWE enthusiasts and casual gamers seeking competitive wrestling experiences.
B003TQLLEQ,James Bond 007: Blood Stone - Xbox 360,"A fast-paced first-person shooter game featuring James Bond action sequences and vehicle chases, targeting fans of the franchise and action game enthusiasts."
B003VUO6H4,Sony Playstation 3 160GB System,"This is not a video game but Sony's PlayStation 3 console (2006) with 160GB storage. Recommender metadata should target console owners, not game titles."
B003VUO6LU,Sony PlayStation 3 Slim 320 GB Charcoal Black Console,"This is not a video game title but a Sony PlayStation 3 console model. Recommender metadata should describe actual games, not hardware devices. If you meant a PlayStation 3 game, please provide the correct title for accurate genre and audience recommendations."
B003YMMMFM,Call of Duty: Black Ops,"Call of Duty: Black Ops is a tactical first-person shooter featuring fast-paced team-based combat with stealth and explosive elements, targeting mature gamers and action-oriented players."
B003ZCH7DI,Kirby's Epic Yarn,Kirby's Epic Yarn is a 2D puzzle-platformer featuring yarn-based puzzle mechanics. Targeted at family-friendly audiences seeking accessible platforming challenges.
B003ZDOFF0,BioShock Infinite - PC,"BioShock Infinite is a first-person action-adventure game featuring narrative-driven exploration, environmental puzzles, and combat. Intended for mature players who enjoy immersive storytelling and challenging gameplay mechanics."
B003ZHMMEM,Donkey Kong Country Returns,A 2D platformer featuring fast-paced platforming challenges and enemy combat. Intended for casual gamers and classic platformer enthusiasts.
B003ZSN600,Xbox 360 Wired Controller - Black,"This is not a video game title but a physical Xbox 360 controller accessory. For game recommendations, please provide an actual game title."
B003ZUXQD0,Enslaved: Odyssey To The West - Xbox 360,"First-person action-adventure game emphasizing exploration, combat, and puzzle-solving in a fantasy setting, ideal for fans of narrative-driven experiences and immersive world-building."
B00420K18K,MLB 12 The Show - Playstation 3,MLB 12 The Show is a baseball simulation game for PlayStation 3 featuring realistic team management and in-game physics. It targets baseball enthusiasts and simulation fans seeking authentic MLB experiences.
B0044XU27A,Kingdoms of Amalur: Reckoning - Xbox 360,"Kingdoms of Amalur: Reckoning is a dark fantasy third-person action RPG featuring melee combat, character progression, and exploration. Recommended for fans of immersive action RPGs with challenging combat mechanics and narrative-driven gameplay."
B0045U01OG,Grand Theft Auto IV & Episodes from Liberty City: The Complete Edition,"This open-world action-adventure game features third-person crime missions, driving, and heists in a detailed urban environment, targeting mature players who enjoy narrative-driven gameplay with high stakes and freedom."
B0046A8IRC,Dragon Age Origins: Ultimate Edition - Playstation 3,Dragon Age Origins: Ultimate Edition is a turn-based action RPG emphasizing strategic combat and character-driven narratives. This game appeals to fans of narrative-rich RPGs and tactical decision-making.
B004CVKGSY,LEGO Pirates of the Caribbean - Xbox 360,"This LEGO puzzle adventure game features physics-based exploration and light combat, appealing to children and families who enjoy the Pirates of the Caribbean franchise."
B004D4YDPC,Grand Theft Auto: Episodes from Liberty City [Download],"This GTA episodic title features open-world crime simulation gameplay with heist-based mechanics and driving action, appealing to older teens and adult players seeking gritty urban narratives."
B004DGIYEG,Alice: Madness Returns - PC,"Alice: Madness Returns is a psychological horror puzzle game featuring time-manipulation mechanics and surreal environments, targeting players who enjoy narrative-driven horror and challenging puzzle-solving experiences."
B004G5YI3U,Mass Effect 3 Digital Deluxe Version [Download],Mass Effect 3 Digital Deluxe is a science fiction role-playing game emphasizing narrative-driven storytelling and strategic combat mechanics. Recommended for mature fans of story-rich RPGs seeking deep character-driven sci-fi experiences.
B004GUTRYK,Portal 2 - PC,"Portal 2 is a first-person puzzle-platformer game featuring physics-based mechanics where players solve increasingly complex puzzles using portal technology, appealing to audiences who enjoy strategic problem-solving and narrative-driven gameplay."
B004HD55VK,Tomb Raider,"Tomb Raider is an action-adventure game series featuring exploration, puzzle-solving, and combat in ancient settings, targeting players who enjoy narrative-driven adventure games."
B004HILZUU,God of War: Collection - Playstation 3,"This PlayStation 3 compilation features the classic God of War action-adventure series with intense melee combat and boss battles. Intended for action game enthusiasts seeking challenging, mythologically themed gameplay."
B004HO6CQG,Binary Domain - Playstation 3,Binary Domain is a cyberpunk-themed first-person shooter featuring hacking mechanics and digital combat. Intended for action-oriented gamers who enjoy tech-focused narratives and fast-paced gameplay.
B004IK89F6,Mortal Kombat: Kollector's Edition - Playstation 3,This PlayStation 3-exclusive fighting game features fast-paced combat and collectible elements for fans of the Mortal Kombat series. Intended for competitive players and collectors seeking the complete experience.
B004J17XZ6,Driver San Francisco Deluxe Edition [Mac Download],"Driver: San Francisco Deluxe Edition is an urban racing game featuring high-speed street races and police chases. Recommended for Mac users who enjoy fast-paced, realistic city driving simulations."
B004K1EA5G,Dead or Alive Dimensions,"Dead or Alive Dimensions is a competitive 2D fighting game featuring fast-paced combat and precise timing mechanics, targeting enthusiasts of the fighting genre."
B004LLHFAW,Battlefield 3 - Playstation 3,"Team-based tactical first-person shooter with large-scale battles and vehicle combat, appealing to competitive multiplayer enthusiasts."
B004OL4980,inFAMOUS 2 Hero Edition - Playstation 3,"inFAMOUS 2 Hero Edition is a cyberpunk third-person action-adventure game featuring physics-driven combat and environmental puzzle-solving. Its challenging, creative gameplay appeals primarily to core action-adventure fans seeking immersive, high-stakes urban exploration."
B004QEV0MI,Saint's Row: The Third - Xbox 360,"Saint's Row: The Third is a chaotic third-person action-adventure game featuring open-world sandbox gameplay with vehicle combat and mission objectives. It appeals to fans of fast-paced, humorous open-world games seeking creative freedom and over-the-top action."
B004QEWVLC,Saint's Row: The Third - Playstation 3,"Saint's Row: The Third is a fast-paced third-person action-adventure game featuring chaotic sandbox gameplay with vehicle combat, heists, and over-the-top humor. Recommended for fans of open-world shooters who enjoy non-linear storytelling, high-energy chaos, and comedic violence."
B004QWYV2Q,Catherine - Alternate Boxart - Playstation 3,Catherine is a psychological horror puzzle game featuring time manipulation mechanics to solve intricate environmental challenges. This title appeals to players seeking atmospheric horror experiences with challenging puzzle mechanics.
B004RMK57U,Playstation Plus: 3 Month Membership [Digital Code],"This is not a video game but a PlayStation subscription service offering access to games and features for Sony PlayStation subscribers. The intended audience is PlayStation users seeking ongoing digital content access, not players of a specific game genre or gameplay style."
B004RMK5QG,PlayStation Plus: 12 Month Membership [Digital Code],"This is not a video game but a PlayStation subscription service. Intended for PlayStation users seeking monthly access to games, discounts, and online features."
B004S5MB1O,Shadows of the Damned - Xbox 360,"Shadows of the Damned is a post-apocalyptic horror survival game featuring tense exploration and combat in a grim environment, targeting horror enthusiasts seeking atmospheric challenges."
B004WIOHF0,Dragon's Dogma - Playstation 3,"PlayStation 3's Dragon's Dogma is an action RPG emphasizing melee combat and open-world exploration, appealing to fans of narrative-driven action games with challenging gameplay."
B004WLRQMI,The Legend of Zelda: Twilight Princess (Nintendo Selects),"3D action-adventure game emphasizing exploration, combat, and puzzle-solving with melee-focused gameplay. Targeted at Zelda series fans and action-adventure enthusiasts."
B004XV6ST4,Kinect Sensor TV Mounting Clip - Xbox 360,"This title is not a video game but a physical hardware accessory for mounting Xbox 360 Kinect sensors on TVs. The intended audience is Xbox 360 users seeking to install Kinect sensors, with no gameplay genre applicable."
B004ZX745W,Assassin's Creed: Revelations,"Assassin's Creed: Revelations is a historical action-adventure game featuring stealth combat, historical exploration, and time travel mechanics. It targets mature gamers familiar with the Assassin's Creed franchise."
B00503E8S2,Call of Duty: Modern Warfare 3 - Xbox 360,Tactical first-person shooter featuring team-based combat and mission-driven gameplay for Xbox 360. Intended for military enthusiasts and FPS fans seeking intense multiplayer and single-player experiences.
B00503E9FY,Call of Duty: Modern Warfare 3 - Playstation 3,"A tactical first-person shooter featuring team-based combat and multiplayer action in modern warfare settings, appealing to competitive FPS enthusiasts and military-themed narrative fans."
B0050FDE4E,FIFA Soccer 12 - Nintendo 3DS,"FIFA Soccer 12 for Nintendo 3DS is a real-time soccer simulation game featuring touch-screen controls and motion-based player movements. Intended for casual soccer fans seeking accessible, quick matches on handheld devices."
B0050SVH18,Ninja Gaiden 3: Razor's Edge - Nintendo Wii U,"Ninja Gaiden 3: Razor's Edge is not available on Nintendo Wii U (it was released for PlayStation 3). This third-person action game features fast-paced melee combat, intricate ninja storytelling, and precise timing mechanics, targeting action game enthusiasts and fans of cinematic combat experiences."
B0050SVLI2,Resident Evil: Revelations,"Survival horror game featuring tense exploration, resource management, and combat against infected enemies. Intended for horror enthusiasts seeking atmospheric scares and strategic gameplay challenges."
B0050SVPCO,"Amazon Basics Carrying Case for Nintendo - New 3DS XL, 3DS XL - Black (Officially Licensed by Nintendo)","This product is not a video game but an official Nintendo-licensed carrying case for the 3DS XL console. It serves as physical accessory storage, not a gameplay experience, and targets Nintendo 3DS users requiring console protection."
B0050SW1WW,Gravity Rush - PlayStation Vita,"Gravity Rush is a physics-based platformer where players manipulate gravity to solve puzzles and navigate levels, appealing to action-oriented gamers seeking skillful platforming challenges."
B0050SW2NA,LittleBigPlanet - PlayStation Vita,"A creative 3D platformer featuring user-generated level building and cooperative gameplay, appealing to families and young adults."
B0050SWBAE,Pikmin 3,"Pikmin 3 is a strategic platformer where players collect and guide Pikmin to solve environmental puzzles and overcome obstacles. Intended for fans of Nintendo's family-friendly strategy games and players who enjoy thoughtful, puzzle-based mechanics."
B0050SWNZW,Puppeteer - Playstation 3,"Puppeteer is a physics-based puzzle-platformer where players manipulate objects to solve increasingly complex challenges. This game appeals to puzzle enthusiasts and casual gamers seeking strategic, non-competitive problem-solving experiences."
B0050SX9I2,Sony PS3 Media/Blu-ray Disc Remote Control,"This title does not represent a video game but refers to the Sony PS3's built-in media playback and Blu-ray disc remote control functionality. It is not a playable game and therefore has no genre, gameplay, or target audience."
B0050SXI6K,Ratchet & Clank Collection,"Ratchet & Clank Collection is a platforming action-adventure series featuring shooting and puzzle elements, targeting casual to hardcore gamers who enjoy exploration and adventure."
B0050SXVK8,God of War Origins Collection - Playstation 3,Action-adventure series featuring intense melee combat and environmental puzzles. Intended for hardcore action game fans and players who enjoyed the original God of War titles.
B0050SYY5E,Halo: Combat Evolved Anniversary,"Halo: Combat Evolved Anniversary is a remastered first-person shooter featuring fast-paced team-based combat and competitive multiplayer gameplay, targeting fans of competitive online FPS experiences."
B0050SZ7IC,Dark Souls Collector's Edition - Playstation 3,"Dark Souls is a challenging action RPG featuring intense combat and meticulous exploration, designed for hardcore gamers seeking difficult, narrative-driven RPG experiences."
B0051D8PGM,Hitman: Absolution [Download],Third-person stealth action game featuring precise target elimination through tactical planning. Appeals to players who enjoy narrative-driven assassinations within strategic gameplay frameworks.
B0053B5RGI,Pokémon X,Pokémon X is a turn-based RPG focused on catching and battling Pokémon in a 3D world. Targeted at core Pokémon fans who enjoy competitive gameplay and exploration.
B0053B66KE,Pokémon Y,Pokémon Y is a turn-based RPG featuring strategic Pokémon battles and collection mechanics. This game appeals to casual to dedicated Pokémon fans seeking accessible yet deep gameplay.
B0053BCO00,Mario Kart 7,"Mario Kart 7 is a 3D racing game featuring competitive kart battles with power-up collection and chaotic multiplayer action. It targets casual gamers and Mario enthusiasts seeking fast-paced, accessible racing experiences."
B0053BCP40,Luigi's Mansion: Dark Moon,Luigi's Mansion: Dark Moon is a 3D platformer puzzle game where players hunt ghosts in haunted mansions. Ideal for family-friendly horror fans seeking cooperative puzzle-solving with light scares.
B0055202HE,UNCHARTED Greatest Hits Dual Pack - Playstation 3,Action-adventure series featuring third-person exploration and narrative-driven gameplay. Intended for core fans of narrative-driven action-adventure.
B0055Q175G,Resistance 3 - Playstation 3,"Resistance 3 is a cooperative first-person shooter with mission-based combat and puzzle elements, designed for fans of the Resistance series and action-oriented players seeking team-based gameplay experiences on PlayStation 3."
B0056WJA30,Darksiders II - Xbox 360,Darksiders II is a fast-paced action-adventure game featuring intense combat and platforming challenges. Recommended for action game enthusiasts seeking challenging combat mechanics.
B005A0MBR0,Forza Motorsport 4 - Xbox 360,Forza Motorsport 4 is a realistic racing simulation game for Xbox 360 featuring physics-based vehicle handling and competitive racing. It targets simulation enthusiasts seeking authentic driving experiences.
B005C7JOH6,Rocksmith,"Rocksmith is a rhythm simulation game where players learn guitar using real instruments through song-based lessons, ideal for music enthusiasts and beginners seeking practical guitar practice."
B005FYJA52,Super Mario Galaxy (Nintendo Selects),"Super Mario Galaxy is a 3D platformer game featuring space-themed levels with puzzle-solving and action elements, targeting children and families while appealing to nostalgic players."
B005GISPMQ,Pro Evolution Soccer 2012 - PlayStation 2,"Pro Evolution Soccer 2012 is a soccer simulation game for PlayStation 2 featuring realistic team management and competitive match gameplay, targeting soccer enthusiasts and casual sports gamers aged 15-35."
B005GISQ9S,Metal Gear Solid: HD Collection - PS Vita [Digital Code],Tactical stealth action game featuring puzzle-solving and strategic planning. Intended for fans of the Metal Gear Solid series and tactical stealth enthusiasts.
B005GISQX4,Borderlands 2 - 4 Pack [Download],"Borderlands 2 is a third-person action RPG featuring loot-based combat and co-op gameplay, appealing to fans of the Borderlands series and casual players who enjoy fast-paced, humorous shooter experiences."
B005JQNEO4,Silent Hill HD Collection - Xbox 360,"Psychological horror game featuring survival mechanics through atmospheric exploration and fear-driven narrative progression. Intended for fans of tense, narrative-driven horror experiences seeking challenging psychological tension."
B005OGKBPE,Syndicate - Origin PC [Online Game Code],"Syndicate: Origin is a tactical first-person shooter featuring cyberpunk themes and environmental manipulation through hacking mechanics, targeting fans of strategic combat and cyberpunk narratives."
B005OGKYVK,Far Cry 3,"Far Cry 3 is a third-person action-adventure game featuring open-world exploration, intense combat, and survival mechanics. It appeals to action-oriented players seeking fast-paced, immersive gameplay in diverse outdoor environments."
B005OGL766,LEGO Harry Potter: Years 5-7 - Playstation 3,"LEGO Harry Potter: Years 5-7 is a physics-based puzzle-adventure game featuring creative building mechanics and light combat, targeting family audiences aged 8-12 who enjoy the Harry Potter franchise."
B005OGPTSS,Red Dead Redemption: Game of the Year Edition - Xbox One and Xbox 360,"Red Dead Redemption: Game of the Year Edition is a Western action-adventure game featuring open-world exploration, horseback riding, and gunfights for single-player enthusiasts seeking immersive storytelling and historical western themes on Xbox One and Xbox 360."
B005YR308S,Heavy Rain: Director's Cut PS3,Heavy Rain: Director's Cut is a psychological thriller featuring non-linear puzzle-solving and narrative-driven choices. Intended for fans of cinematic storytelling and narrative-focused games.
B006HZA8EA,UFC Undisputed 3,"UFC Undisputed 3 is a combat sports simulation featuring realistic MMA combat with strategic timing and physicality. Intended for hardcore fighting game enthusiasts and MMA fans seeking competitive, rule-abiding matches."
B006PP404Q,PlayStation Vita Protective Film - Two Pack,This is not a video game but a physical protective film accessory for PlayStation Vita devices. It serves as a hardware protection product for console users seeking device safety.
B006PP41Q8,PlayStation Vita Travel Pouch,This is not a video game but a physical accessory for carrying the PlayStation Vita console during travel. No gameplay genre or audience applies to this item.
B006VR689I,South Park: The Stick of Truth - PC,"A comedic action-adventure game featuring humor-driven exploration, puzzle-solving, and combat, targeting South Park enthusiasts and casual players seeking satirical gameplay."
B006WVJWUA,Tekken Tag Tournament 2 PS3,Tekken Tag Tournament 2 is a fast-paced tag-team fighting game featuring two-on-two matches with quick character switches and competitive combat. Intended for competitive and casual fighting game enthusiasts seeking team-based action.
B006YDPU48,Dark Souls II - Playstation 3,"Dark Souls II is a demanding dark fantasy action RPG featuring intricate combat mechanics and atmospheric exploration, intended for experienced players who enjoy challenging, strategic gameplay."
B0071NH8B8,PlayStation Vita 3G/Wi-Fi Bundle,"This is not a video game but a hardware bundle for the PlayStation Vita console that includes 3G and Wi-Fi connectivity. Intended for Vita owners seeking online play capabilities, it serves as a hardware accessory rather than a game title."
B0077LRPSA,Sleeping Dogs - Playstation 3,"Sleeping Dogs is a third-person action game with crime simulation elements, featuring driving, shooting, and mission-based gameplay in a realistic urban environment. Intended for fans of open-world action and gritty crime narratives."
B0079V4FAY,"XCOM: Enemy Unknown Special Edition - PC (Includes: Game, DLC, Artbook, Poster & Soundtrack)",Tactical turn-based strategy game featuring squad combat and resource management with strategic depth. Recommended for strategy enthusiasts seeking challenging tactical gameplay and narrative-driven squad management.
B007CM0K86,The Last of Us - PlayStation 3,"A survival horror action-adventure game featuring stealth-based combat and narrative-driven gameplay, intended for mature audiences seeking emotionally impactful storytelling."
B007CSF3GO,The Last Story - Nintendo Wii,"The Last Story is a narrative adventure game for Nintendo Wii featuring environmental storytelling and puzzle-solving with minimal combat, targeting players who enjoy story-driven experiences and strategic exploration."
B007G69KPM,Spec Ops: The Line [Download],"Spec Ops: The Line is a narrative-driven tactical first-person shooter featuring morally complex choices and realistic combat mechanics, targeting players who appreciate strategic decision-making and ethical storytelling in military simulations."
B007RNWUC4,XenoBlade Chronicles,XenoBlade Chronicles is a sci-fi action RPG featuring real-time combat and character progression mechanics. This title appeals primarily to sci-fi RPG enthusiasts seeking tactical battles and narrative-driven experiences.
B007VM72BA,NBA 2K13 - Sony PSP,NBA 2K13 is a basketball simulation game featuring realistic player mechanics and team management for the PSP platform. Targeted at casual sports enthusiasts and basketball fans seeking accessible competitive gameplay.
B007W8S2MG,Persona 4 Golden - PlayStation Vita,Persona 4 Golden is a psychological RPG featuring social simulation gameplay where players build relationships through dialogue and quests. Intended for narrative RPG enthusiasts seeking character-driven stories with deep social mechanics.
B007WPGS8O,DMC: Devil May Cry,"Fast-paced 3D action game featuring stylish melee combat and high difficulty, targeting experienced action gamers."
B007X5103Q,The Walking Dead [Online Game Code],"The Walking Dead [Online Game Code] is a multiplayer survival horror game where players manage resources and build bases to survive against zombies in a post-apocalyptic setting, intended for The Walking Dead franchise fans and online survival enthusiasts."
B0080CAOYM,Call of Duty: Black Ops 2 [Download],"Call of Duty: Black Ops 2 is a tactical first-person shooter featuring competitive multiplayer combat and a narrative-driven single-player campaign, targeting military simulation enthusiasts and competitive players."
B0083GAF12,FIFA Soccer 13 [Download],FIFA Soccer 13 is a licensed soccer simulation game featuring realistic team management and competitive match gameplay. Intended for soccer enthusiasts and casual gamers seeking authentic football experiences.
B0083GAF9E,Dragon's Crown - Playstation 3,Dragon's Crown is a challenging 2D platformer with precise timing mechanics targeting fans of retro action games who enjoy high difficulty platforming.
B0083ZYFPA,Kingdom Hearts 3D Dream Drop Distance,"Kingdom Hearts 3D Dream Drop Distance is a 3D action-adventure platformer combining exploration, combat, and RPG mechanics for core franchise fans seeking fast-paced platforming challenges."
B0086VPUHI,Grand Theft Auto V: Premium Edition - Xbox One [Digital Code],"Open-world action-adventure game featuring player-driven crime narratives and vehicle combat. Intended for mature audiences seeking fast-paced, story-driven gameplay with significant violence and freedom of exploration."
B0086VPV86,Max Payne - PlayStation 2,"Max Payne is a gritty third-person action shooter featuring fast-paced gunfights and tactical combat, targeting mature players who enjoy dark narratives and intense shooting experiences."
B0087ACBAW,Rayman Origins [Download],"Rayman Origins is a 2D physics-based platformer featuring puzzle-solving mechanics, targeting family-friendly casual gamers and younger audiences."
B00884S5N4,Dead Space 3 – PC Origin [Online Game Code],"This sci-fi horror survival game features intense body horror mechanics and strategic combat against biomechanical threats. It targets horror enthusiasts and sci-fi fans seeking atmospheric, challenging single-player experiences with a strong emphasis on tension and resource management."
B0088TN5FM,Tom Clancy's Splinter Cell Blacklist(XBox 360),"This stealth action game features tactical infiltration and hacking mechanics for players who enjoy precision-based missions and narrative-driven gameplay. Targeted at experienced stealth enthusiasts seeking challenging, mission-focused gameplay with minimal direct combat."
B0088TN73M,Injustice: Gods Among Us - Collector's Edition - Playstation 3,"PS3-exclusive 2D superhero brawler featuring fast-paced character combat, recommended for competitive gamers and DC Universe enthusiasts."
B0088TN7NW,Just Dance 4,"Just Dance 4 is a dance game where players move to music using motion controls, targeting casual players, families, and partygoers seeking social dance fun."
B008B2ZKK4,Castlevania: Lords of Shadow 2 - Playstation 3,"Castlevania: Lords of Shadow 2 is a Metroidvania action-adventure game featuring precise platforming and combat challenges, targeting Castlevania fans and action-adventure enthusiasts seeking a technically demanding experience."
B008CP6MA2,PS3 God of War: Saga Collection - 2 Disc,"This PS3-exclusive God of War compilation delivers intense melee combat action-adventure gameplay across two titles, targeting hardcore fans of challenging, weapon-focused combat systems."
B008CP6RWU,PS3 Journey Collection,"This compilation features the acclaimed single-player minimalist adventure Journey, emphasizing exploration and emotional storytelling through atmospheric landscapes and subtle puzzle-solving. Ideal for players seeking introspective, narrative-driven experiences over competitive gameplay."
B008GEH9HO,Nintendo 3DS XL - Blue/Black [Old Model] Games Included,"This is a physical Nintendo 3DS XL console model (not a game), designed as a handheld gaming device for users who own or are interested in the Nintendo 3DS hardware ecosystem. The intended audience consists of Nintendo 3DS enthusiasts seeking compatible games for the older blue/black console variant."
B008KGN9DG,Angry Birds Trilogy - Nintendo Wii,"Physics-based puzzle game where players use Wii motion controls to launch birds and eliminate pigs. Intended for casual players and families seeking accessible, strategic gameplay."
B008M502H6,Deadpool - PlayStation 3,"Deadpool is a third-person action-adventure game featuring over-the-top brawler combat and humor, targeting Marvel fans and comedy enthusiasts."
B008PQU3E4,PS3 Killzone Trilogy Collection - 2 Disc,"Military first-person shooter trilogy featuring tactical combat, vehicle missions, and destructible environments. Recommended for fans of realistic military sci-fi shooters and tactical gameplay enthusiasts."
B0094BM8VK,Forza Horizon Limited Edition -Xbox 360,"Forza Horizon Limited Edition is an open-world racing game emphasizing vehicle customization, competitive driving, and expansive environmental exploration. It targets enthusiasts of high-speed racing and freeform gameplay within detailed virtual landscapes."
B0099OUMAQ,Sonic & All-Stars Racing Transformed (Nintendo Selects) - Nintendo Wii U,A competitive racing game featuring character transformations during races. Targeted at Sonic fans and casual gamers for Wii U.
B009AFLXQQ,Nintendo Wii U Pro Controller - Black,"This title is not a video game but a physical controller accessory for the Nintendo Wii U console. Recommender metadata should describe actual game titles, not hardware products. Please clarify the intended game title for accurate genre and audience recommendations."
B009AGXH64,Nintendo Wii U Console - 32GB Black Deluxe Set,"This is a Nintendo Wii U console bundle, not a video game title. Intended for casual gamers and families seeking the console's unique GamePad experience with 32GB storage."
B009DL2TBA,PlayStation 3 500 GB System,"This title refers to a PlayStation 3 console hardware system with 500 GB storage, not a video game. It is intended for users seeking a physical gaming platform, not game recommendations."
B009GE3WUQ,Nintendo Nunchuk Controller - White,This is not a video game title; the Nintendo Nunchuk is a controller accessory for the Wii console. No game title exists for this product. Please provide the actual game title for accurate recommender metadata.
B009GE437W,"Remote Plus, Mario - Nintendo Wii","Mario: Remote Plus is a multiplayer action game where players use the Wii Remote to control Mario characters through cooperative challenges and light puzzle mechanics. Intended for casual family and social gamers seeking accessible, physical interaction with Mario in a Wii-friendly environment."
B009NRO1J2,Wii U Precision Screen Filter,"This Wii U-exclusive game features precision-based screen filtering mechanics for real-time visual manipulation, targeting casual gamers interested in interactive screen effects."
B009SPZ11Q,BioShock Infinite [Download],"BioShock Infinite is a narrative-driven first-person action-adventure game featuring combat, platforming, and environmental puzzles. It appeals to mature players who appreciate complex storytelling and immersive dystopian worlds."
B009XGZTKI,Mass Effect Trilogy - Xbox 360,"The Mass Effect Trilogy is a science fiction role-playing game series featuring story-driven narrative progression and character development across three interconnected campaigns, targeting fans of narrative-driven sci-fi RPGs."
B00A63GL4A,Saints Row the Third - The Full Package [Download],"Saints Row the Third is a fast-paced third-person shooter with chaotic open-world gameplay featuring vehicle combat and street-level mayhem, ideal for fans of action-oriented, humor-driven games with a focus on player-driven chaos."
B00AKIPBNS,Fire Emblem: Awakening,"Fire Emblem: Awakening is a turn-based tactical RPG featuring strategic grid-based combat and character progression, appealing to fans of deep strategy games and narrative-driven tactical experiences."
B00ANZR6M2,MLB 13 The Show - PlayStation Vita,Baseball simulation game emphasizing realistic pitching and batting mechanics with team management features. Ideal for baseball fans and casual players seeking strategic team management on portable consoles.
B00B7UHWB2,Resident Evil: Revelations - Xbox 360,"This Xbox 360 survival horror game features tense first-person action with zombie combat and environmental puzzles, targeting horror enthusiasts seeking atmospheric scares."
B00B7UNO4Q,Dragon's Dogma: Dark Arisen - Xbox 360,"Dragon's Dogma: Dark Arisen is a third-person action RPG emphasizing fast-paced combat and exploration, appealing to fans of challenging action RPGs."
B00B9775W4,BioShock Ultimate Rapture Edition - Xbox 360,"This first-person action-adventure game features puzzle-heavy exploration and narrative-driven combat in a dystopian underwater city. Recommended for fans of narrative-driven games seeking atmospheric storytelling and challenging puzzle mechanics, particularly within the Xbox 360 Ultimate Edition package."
B00BCX2AZW,Monster Hunter 3 Ultimate - Nintendo Wii U,"Monster Hunter 3 Ultimate is a hybrid action RPG featuring real-time monster hunting with combat and crafting mechanics, appealing to action-oriented players and strategy enthusiasts."
B00BER9YFA,Midnight Club: Los Angeles (Platinum Hits),"Midnight Club: Los Angeles is a high-speed street racing game featuring competitive car drifts and urban track challenges. Targeted at racing enthusiasts seeking fast-paced, skill-based driving experiences."
B00BGA9WK2,PlayStation 4 500GB Console [Old Model][Discontinued],"This title refers to a discontinued PlayStation 4 console hardware model, not a video game. Therefore, it has no associated genre, gameplay mechanics, or target audience as it is physical hardware equipment."
B00BGA9X9W,DualShock 4 Wireless Controller for PlayStation 4 - Jet Black [Old Model],"This is not a video game but a discontinued PlayStation 4 DualShock 4 wireless controller accessory. Recommender metadata requires game titles, not hardware products."
B00BGAA0SU,inFAMOUS: Second Son Limited Edition (PlayStation 4),"PlayStation 4 action-adventure game featuring combat-focused gameplay and ability-based exploration, appealing to fans of third-person action titles."
B00BGAA3S2,PlayStation 4 Camera (Old Model),"This title does not correspond to a video game but refers to a physical PlayStation 4 camera accessory. No gameplay genre or audience applies, as this is hardware equipment, not a game title. If you meant a specific PS4 camera-based game (e.g., *The Last of Us*), please clarify the intended title."
B00BHRD4BM,Destiny Expansion II: House of Wolves - PS4 [Digital Code],"This sci-fi first-person shooter expansion features cooperative multiplayer and narrative progression, targeting Destiny core players and FPS enthusiasts seeking team-based combat."
B00BIXYIU6,Diablo III,"Diablo III is a challenging action RPG with real-time combat and loot progression, intended for players who enjoy dark fantasy and high-difficulty gameplay."
B00BN5T30E,Assassin's Creed IV Black Flag - PC,"Assassin's Creed IV Black Flag is a historical action-adventure game centered on 18th-century pirate exploration, naval combat, and stealth missions, targeting enthusiasts of open-world adventure and historically grounded narratives."
B00BQI3UQG,Donkey Kong Country Returns 3D,"A 3D platformer featuring fast-paced platforming challenges where players control Donkey Kong to navigate levels and collect items. Recommended for fans of classic platformers and Nintendo enthusiasts seeking accessible, action-oriented gameplay."
B00BQVXUOA,Halo 4 - Xbox 360 (Standard Game),Halo 4 is a first-person shooter featuring competitive team-based combat and narrative-driven single-player campaigns. Intended for Xbox 360 gamers who enjoy fast-paced multiplayer action and Halo series enthusiasts.
B00BQVXVYY,LEGO: Marvel - PC,"A casual physics-based puzzle game where players construct structures using Marvel characters and LEGO mechanics, appealing to family-friendly audiences and casual gamers."
B00BRQN2EM,Saints Row IV,Saints Row IV is a fast-paced open-world third-person shooter featuring chaotic vehicle combat and street-level mayhem. It appeals to casual to hardcore action gamers who enjoy over-the-top gameplay and humor.
B00BSWYN2K,Saints Row IV: Online Pass - PS3 [Digital Code],"Saints Row IV: Online Pass offers fast-paced, multiplayer-focused action-adventure gameplay centered on vehicle combat and chaotic street-level missions, appealing to casual to hardcore gamers who enjoy over-the-top shooter experiences."
B00BZS9JV2,Rayman Legends [Download],"Rayman Legends is a fast-paced 2D platformer featuring precise platforming challenges and collectible objectives, ideal for family-friendly audiences seeking accessible action gameplay."
B00C1TTF86,Battlefield 4 - Playstation 3,"Battlefield 4 is a large-scale multiplayer first-person shooter available on PlayStation 3, featuring team-based tactical combat with destructible environments. This game appeals to competitive FPS enthusiasts seeking strategic team battles and high-intensity multiplayer action."
B00CEGCN76,Thief Xbox one,"Thief (Xbox One) is a stealth action-adventure game emphasizing non-combat infiltration and environmental puzzle-solving, targeting players who enjoy tactical stealth mechanics and narrative-driven experiences."
B00CES8EFY,NBA 2K14 - Xbox 360,NBA 2K14 is a basketball simulation game featuring realistic player controls and competitive matches. It targets basketball enthusiasts and sports simulation fans seeking authentic NBA experiences.
B00CISMP8M,FIFA 14 - Xbox 360,FIFA 14 is a soccer simulation game featuring real-time team management and competitive matches. It targets soccer enthusiasts and casual gamers seeking realistic football gameplay.
B00CJ9OTNE,Call of Duty Ghosts - PS3 [Digital Code],"This first-person shooter features team-based multiplayer combat with fast-paced action, targeting competitive gamers aged 16 and above."
B00CMQTUSS,Xbox One Wireless Controller (Without 3.5 millimeter headset jack),"This is not a video game title but a hardware accessory description for the Xbox One Wireless Controller. Recommender metadata requires a game title, not hardware specifications."
B00CMQTUY2,Xbox One Wireless Controller and Play & Charge Kit (Without 3.5 millimeter headset jack),"This is not a video game title but an Xbox One peripheral accessory. Recommender metadata should focus on actual game titles, not hardware products like controllers."
B00CMQTVK0,Xbox One with Kinect (Day One Edition),"This is not a video game but the Xbox One console with Kinect sensor released on November 22, 2013. It targets Xbox One users seeking motion-controlled gaming experiences."
B00CTKHXFO,Metal Gear Solid: The Legacy Collection,A stealth action compilation featuring tactical combat and narrative depth for fans of the Metal Gear Solid series and strategy enthusiasts.
B00D3XXOTK,Metro Last Light - Playstation 3,"Metro Last Light is a post-apocalyptic survival horror game featuring tense exploration, resource management, and strategic combat in decaying urban environments. Its atmospheric storytelling and challenging gameplay appeal primarily to fans of immersive horror and tactical survival titles."
B00D7B9M0I,Skylanders SWAP Force Value Bundle Starter Pack - Wii U,"This Wii U action-adventure game features toy-based collection and battle mechanics, targeting families and children aged 6-12 with its starter pack bundle."
B00DB2BI8M,Rocksmith 2014 Edition - PC/Mac (Cable Included),"Rocksmith 2014 Edition is a guitar music simulation game where players learn songs through rhythmic chord progressions and strumming patterns. Intended for guitar learners and music enthusiasts seeking accessible, practice-focused gameplay."
B00DBDPOZ4,Xbox One Play and Charge Kit,"This title refers to an Xbox One hardware accessory, not a video game. For accurate game recommendations, consider popular titles like Forza Horizon 5 or Halo Infinite that match typical Xbox One gameplay styles."
B00DBLBMBQ,The Order: 1886 - PlayStation 4,"The Order: 1886 is a tactical first-person shooter featuring precise aiming, stealth mechanics, and environmental puzzles within a historical 1886 London setting. This game appeals to mature players seeking narrative-driven action with strategic combat and atmospheric storytelling."
B00DBRNQZ0,Dead or Alive 5 Ultimate - PS3,"Dead or Alive 5 Ultimate is a 3D fighting game featuring fast-paced, technical combat with character customization and competitive matches, intended for fighting game enthusiasts and competitive players."
B00DC7G0GG,Super Mario 3D World - Nintendo Wii U,"A 3D platformer featuring jump-and-collect gameplay with puzzle elements, designed for family-friendly audiences and casual players."
B00DC7G2W8,Mario Kart 8 - Nintendo Wii U,"Mario Kart 8 (Nintendo Wii U) is a competitive kart racing game featuring fast-paced gameplay with power-up mechanics and multiplayer modes, appealing to casual gamers and Nintendo enthusiasts seeking accessible racing fun."
B00DC7O77A,Donkey Kong Country Tropical Freeze - Nintendo Wii U,"A 2D platformer game where players navigate tropical environments by jumping between platforms and overcoming obstacles, designed for Nintendo Wii U fans and platformer enthusiasts seeking accessible yet challenging gameplay."
B00DDILSBG,Final Fantasy XV Deluxe Edition - PlayStation 4,"Action-adventure RPG featuring open-world exploration and vehicle combat, intended for core JRPG fans seeking story-driven gameplay on PlayStation 4."
B00DM2AJ0Y,Deus Ex Human Revolution: Director's Cut - Nintendo Wii U,"This cyberpunk action RPG emphasizes stealth gameplay and hacking mechanics within a narrative-driven sci-fi setting, appealing to fans of strategic role-playing and immersive storytelling."
B00DTY9B0O,Titanfall Collector's Edition,"Titanfall is a fast-paced third-person shooter featuring mech combat and team-based tactical gameplay, appealing to competitive multiplayer enthusiasts seeking strategic action."
B00DV16N6U,Ratchet and Clank: Into the Nexus - PS3,"Ratchet and Clank: Into the Nexus is a PlayStation 3-exclusive action-adventure game featuring platforming, puzzle-solving, and shooting mechanics. It targets older children and adults who enjoy story-driven, exploration-focused gameplay with minimal violence."
B00EQNP8F4,Microsoft Xbox LIVE 12 Month Gold Membership (Physical Card),"This is not a video game but a Microsoft Xbox Live Gold subscription service. The physical card provides 12 months of Xbox Live Gold access for online multiplayer, social features, and game discounts, targeting Xbox users seeking sustained online connectivity and community engagement."
B00FM5IY0Q,Dead Rising 3,"Dead Rising 3 is a time-limited survival horror action game featuring zombie combat and exploration mechanics, intended for fans of fast-paced zombie survival titles."
B00G0OYHCW,Nintendo Wii U Deluxe Set: Super Mario Bros U & Luigi U (32 GB),"This Wii U-exclusive 2D platformer features cooperative Mario and Luigi gameplay with side-scrolling levels and puzzle-solving, targeting casual players and families seeking accessible, family-friendly platform adventures."
B00G2EVF3E,Plants vs. Zombies Garden Warfare - PC Instant Access,"A team-based strategy battle royale game where players deploy plants to defend against zombie attacks in real-time tactical combat, targeting casual to competitive strategy enthusiasts."
B00G6GQL0A,XCOM: Enemy Within,"XCOM: Enemy Within is a tactical strategy game featuring turn-based combat, resource management, and team-based decision-making. It appeals to strategy game enthusiasts and fans of the XCOM series seeking deep tactical challenges with narrative-driven gameplay."
B00GM5TPSA,Grand Theft Auto Vice City,Grand Theft Auto Vice City is an open-world action-adventure game featuring vehicle-based crime missions and player freedom. It appeals to fans of sandbox-style gameplay and crime-themed narratives.
B00GM5W5H8,DuckTales - Remastered 360 - Xbox 360,DuckTales - Remastered 360 is a 2D platformer featuring side-scrolling platform puzzles designed for children aged 6-12.
B00GOZSR96,Killzone: Shadow Fall (PlayStation 4),"Killzone: Shadow Fall is a first-person stealth shooter featuring fast-paced urban combat and tactical gameplay, targeting PlayStation 4 enthusiasts who appreciate action-oriented FPS experiences."
B00H90490Q,Gran Turismo 6,Gran Turismo 6 is a high-fidelity racing simulation emphasizing realistic vehicle physics and competitive racing. It targets motorsport enthusiasts and simulation gamers seeking authentic driving experiences.
B00HGLLRV2,inFAMOUS: Second Son Standard Edition (PlayStation 4),Third-person action game featuring combat-focused gameplay with environmental interaction mechanics. Intended for action game enthusiasts seeking dynamic combat and exploration.
B00HLT0YT0,Borderlands 2 - Limited Edition - PlayStation Vita Bundle,"Borderlands 2 is a loot-focused action RPG featuring fast-paced combat and character progression, ideal for casual gamers and RPG enthusiasts seeking over-the-top humor and strategic resource management."
B00HM1XPN4,Tomb Raider: Definitive Edition - Xbox One,"Tomb Raider: Definitive Edition is a first-person action-adventure game emphasizing exploration, environmental puzzles, and physical challenges. Intended for Tomb Raider franchise fans and action-adventure enthusiasts seeking narrative-driven gameplay."
B00HRW8PRO,The LEGO Movie Videogame - Nintendo 3DS Standard Edition,This Nintendo 3DS puzzle-platformer features casual LEGO brick-building and puzzle-solving mechanics designed for children and families.
B00HVBPRUO,Gold Wireless Stereo Headset - PlayStation 4,"This title refers to a PlayStation 4 wireless stereo headset accessory, not a video game. It is a hardware product for PS4 users seeking audio solutions, not a game genre or gameplay experience."
B00I5KSVKS,LEGO The Hobbit - PlayStation 3,"LEGO The Hobbit is a physics-based puzzle platformer featuring story-driven gameplay with creative destruction mechanics. This family-friendly title appeals primarily to children and families seeking accessible, narrative-driven building and exploration experiences."
B00I5LMSE2,Kirby Triple Deluxe - Nintendo 3DS,"A 3D platformer puzzle game featuring Kirby's copy abilities for cooperative challenges, targeting young players and families on Nintendo 3DS."
B00I7NA43U,Final Fantasy X/X-2 HD Remaster Limited Edition,"This action RPG remaster combines exploration and combat for players who enjoy narrative-driven adventures, targeting Final Fantasy series fans and casual RPG enthusiasts seeking accessible, story-rich experiences."
B00IAVDOS6,Xbox One Stereo Headset Adapter,"This title refers to an Xbox One hardware accessory, not a video game, so it does not fit recommender metadata requirements for games. Recommender systems require actual game titles with defined genres, gameplay, and audiences, which this physical adapter lacks."
B00IEZ6H4G,Alien: Isolation - PS3 [Digital Code],First-person psychological horror survival game featuring tense stealth mechanics where players evade a relentless alien predator. Intended for horror enthusiasts seeking atmospheric tension over combat.
B00IIHU44E,Xbox One Console - Titanfall + Kinect,"Titanfall is a fast-paced third-person shooter game featuring mecha combat and large-scale battles, targeting action-oriented players who enjoy competitive multiplayer and dynamic combat experiences."
B00ITG5EI0,Batman: Arkham Knight - Limited Edition - Xbox One,"Batman: Arkham Knight is a third-person action-adventure game featuring intense combat, parkour, and narrative-driven exploration. Recommended for Batman fans and action game enthusiasts seeking immersive urban combat experiences."
B00J4Y6L2Y,Castlevania: Lords of Shadow - Mirror of Fate HD [Online Game Code],Castlevania: Lords of Shadow - Mirror of Fate HD is a challenging gothic horror action-adventure platformer featuring precise combat and puzzle-solving in dark castles. Recommended for Castlevania series fans and action-adventure enthusiasts seeking intense platforming challenges.
B00JM57VDS,Borderlands: The Pre-Sequel - UVHUP & The Holodome Onslaught DLC [Online Game Code],"This Borderlands DLC delivers chaotic action-shooter gameplay with loot collection and competitive multiplayer, targeting casual to hardcore fans of the franchise who appreciate over-the-top humor and accessible RPG mechanics."
B00K0NV5J2,Dragon Age: Inquisition - Jaws Of Hakkon (Cross Buy) - PS4 [Digital Code],Dragon Age: Inquisition's Jaws of Hakkon DLC features tactical party combat and narrative-driven exploration in a deep RPG framework. Recommended for strategy-focused RPG enthusiasts and Dragon Age fans.
B00KCCNMYW,Diablo III: Ultimate Evil Edition,"Diablo III: Ultimate Evil Edition is a fast-paced action RPG featuring real-time demon combat and loot-driven progression, targeting experienced fantasy RPG enthusiasts and action game fans."
B00KIFM28A,Metro Redux - Xbox One,"Metro Redux is a post-apocalyptic survival horror RPG featuring resource management and combat in a dark, ruined city environment. Recommended for fans of atmospheric survival games and narrative-driven action with challenging gameplay."
B00KIWEMIG,Far Cry 4 - PS3 [Digital Code],"Far Cry 4 is an open-world action-adventure game featuring third-person shooter combat, stealth mechanics, and exploration. It targets players who enjoy fast-paced, immersive environments with a focus on tactical combat and resource management."
B00KO4ULZ6,LEGO Batman 3: Beyond Gotham - PlayStation 3,"LEGO Batman 3: Beyond Gotham is a physics-driven puzzle platformer featuring humorous superhero gameplay. Ideal for casual gamers and Batman enthusiasts seeking fast-paced, block-based challenges."
B00KPZKS8E,Mortal Kombat X - Xbox One,"Mortal Kombat X is a 3D fighting game featuring fast-paced combat with character-specific moves, combos, and story-driven modes. It appeals to both casual players seeking competitive matches and hardcore fans of the Mortal Kombat franchise."
B00KR2BK1E,The Walking Dead: The Complete First Season - Xbox One,"This narrative-driven survival horror game adapts the first season of the popular TV series, featuring resource management and strategic zombie survival gameplay. Intended for fans of the TV series and survival horror enthusiasts seeking impactful story-driven experiences."
B00KR2BTVU,The Wolf Among Us - Xbox 360,A narrative-driven detective simulation featuring dialogue-based mystery solving and evidence collection. Recommended for fans of psychological puzzles and story-focused games.
B00KR2C0RC,WWE 2K15 - PS3 [Digital Code],WWE 2K15 is a sports wrestling simulation featuring competitive matches with realistic mechanics. Intended for WWE enthusiasts and competitive gamers seeking authentic wrestling experiences.
B00KSQHX1K,Halo: The Master Chief Collection,Halo: The Master Chief Collection is a first-person shooter compilation featuring fast-paced combat and sci-fi military campaigns. It targets core FPS enthusiasts and Halo fans seeking classic multiplayer and single-player experiences.
B00KSRV19E,Forza Horizon 2 for Xbox One,"Open-world racing game featuring vehicle customization and competitive driving in a vast, free-roaming environment. Intended for Xbox One players who enjoy realistic racing mechanics and open-world exploration."
B00KTORA0K,Just Dance 2015 - Wii,"Just Dance 2015 - Wii is a motion-controlled dance game where players follow on-screen dance moves using the Wii Remote. Intended for casual players and families seeking social, physical fun."
B00KUYZ7I6,PlayStation TV DualShock 3 Bundle,This is not a video game but a hardware bundle containing PlayStation TV and DualShock 3 controller for streaming and playing PlayStation games on television. Intended for casual gamers and families seeking TV-based gaming experiences.
B00KVOVBGM,PlayStation 4 Console - Destiny Bundle [Discontinued],"This team-based first-person shooter features cooperative multiplayer with narrative progression, appealing to fans of competitive FPS and cooperative multiplayer experiences."
B00KVP76G0,DualShock 4 - White,"This title does not correspond to any known video game; the DualShock 4 is Sony's controller model, and ""White"" refers to a color variant, not a game. No gameplay or audience exists for this non-existent title."
B00KVP78FE,DualShock 4 - Camo,DualShock 4: Camo is a strategic puzzle game where players match colored tiles to clear the board through quick decision-making. Intended for casual mobile gamers seeking accessible yet challenging tile-matching puzzles.
B00KWFCSB2,Super Mario Maker - Nintendo Wii U,"A puzzle-platformer where players design custom Mario levels using intuitive tools, emphasizing creative gameplay and casual puzzle-solving. Intended for casual gamers and Mario fans seeking accessible level creation experiences."
B00KWOSQC8,Pokémon Alpha Sapphire - Nintendo 3DS,"Pokémon Alpha Sapphire is a turn-based Pokémon RPG featuring regional exploration, competitive battles, and collection mechanics. It targets core Pokémon fans seeking traditional turn-based combat and regional adventure gameplay on the Nintendo 3DS platform."
B00L4SD1F8,Witcher 3: Wild Hunt Complete Edition - PC,"Story-driven action RPG featuring open-world exploration, tactical combat, and character-driven quests. Intended for fans of narrative-rich fantasy games and players seeking deep, immersive RPG experiences."
B00L59D9HG,Nintendo 3DS Compatible with 3DS / 3DS XL / 2DS AC Adapter,"This title appears to be a hardware adapter description for Nintendo 3DS devices, not a video game title. Recommender metadata requires a specific game title to identify genre, gameplay, and audience."
B00LEB790S,The Walking Dead: Season 2 - PlayStation 3,"This PlayStation 3 survival horror game features tense zombie survival mechanics and resource management, targeting fans of the TV series and mature players seeking strategic combat experiences."
B00LV416KC,Sniper Elite III - PlayStation 4 Standard Edition,Sniper Elite III is a tactical shooter game featuring precise long-range aiming and environmental stealth mechanics. It targets experienced tactical shooter enthusiasts seeking strategic precision and narrative-driven gameplay.
B00LV8IF8O,Ratchet & Clank Future: A Crack in Time - PS3 [Digital Code],A 3D platformer puzzle-adventure featuring space exploration with physics-based puzzles. Intended for fans of action-adventure games seeking exploration and creative problem-solving.
B00M3D8AQ8,UNCHARTED 2: Among Thieves - Game of The Year Edition - Playstation 3,"Third-person action-adventure game emphasizing stealth, exploration, puzzle-solving, and cinematic storytelling. Targeted at narrative-driven adventure enthusiasts and players aged 16 and above."
B00M3D8CFM,Uncharted 3: Drake'S Deception Game Of The Year Digital Edition - PS3 [Digital Code],"Uncharted 3 is a third-person action-adventure game emphasizing exploration, puzzle-solving, and combat within a cinematic narrative. It appeals to fans of story-driven gameplay and action-adventure enthusiasts seeking immersive experiences."
B00M3D8EFU,Uncharted: Golden Abyss - PlayStation Vita,"Third-person action-adventure game featuring platforming and puzzle-solving with combat, designed for PlayStation Vita owners who enjoy the Uncharted franchise's exploration-focused gameplay."
B00M3D8GIU,Unit 13 - PlayStation Vita,"Unit 13 is a tactical RPG featuring turn-based strategy and tactical combat mechanics. It appeals primarily to enthusiasts of deep tactical RPGs and strategy games seeking thoughtful, strategic gameplay."
B00MAM0ALA,Assassin's Creed Rogue- Xbox 360,Assassin's Creed Rogue is a stealth-focused action-adventure game on Xbox 360 featuring time-travel mechanics to navigate historical eras. This title appeals to fans of the Assassin's Creed series seeking tactical combat and historical storytelling.
B00MB1I3FU,Doom - Nintendo Switch [Digital Code],"This is a first-person shooter (FPS) port of the classic Doom game for Nintendo Switch, featuring fast-paced combat against demonic enemies. Intended for action game enthusiasts seeking intense, high-speed shooter experiences."
B00MFD9DH6,Disney Infinity: Marvel Super Heroes (2.0 Edition) - Marvel's The Avengers Play Set - Not Machine Specific,"This mobile action-puzzle game enables players to create and battle Marvel superheroes from The Avengers through cooperative gameplay and puzzle-solving, targeting children and families aged 6-12."
B00MOQYTBE,Ni No Kuni: Wrath of the White Witch,"Ni No Kuni: Wrath of the White Witch is a 3D action-adventure RPG featuring exploration, puzzle-solving, and narrative-driven combat. It appeals to fans of story-rich fantasy experiences and players seeking visually detailed worlds with strategic gameplay, primarily targeting mature audiences aged 16 and above."
B00MOR0FLG,Tales of Graces f - Playstation 3,"This PlayStation 3 JRPG features turn-based party combat and narrative-driven storytelling, appealing to fans of the Tales series who enjoy strategic gameplay and character-focused adventures."
B00MOR1A7Y,Tales of Xillia - Playstation 3,"Tales of Xillia is a turn-based JRPG featuring strategic combat, character progression, and a fantasy narrative. This game appeals to fans of the Tales series and players who enjoy traditional JRPG mechanics."
B00MUMVV3G,Tales of Xillia 2 - PlayStation 3,Tales of Xillia 2 is a JRPG featuring turn-based combat with strategic party management. Recommended for fans of the Tales series who enjoy narrative-driven RPG experiences.
B00MUY0OFU,Nintendo Wii U Pro Controller - Black,"This title is not a video game but a physical controller accessory for the Nintendo Wii U console. Recommender metadata should describe actual game titles, not hardware products. Please clarify the intended game title for accurate genre and audience recommendations."
B00N2KKSNO,Sleeping Dogs: Definitive Edition- PlayStation 4,A gritty police simulation game featuring open-world crime investigation and vehicle-based action. Intended for fans of immersive action-adventure titles with narrative-driven missions.
B00NOD0OTW,Bloodborne Collectors Edition - PlayStation 4,"Bloodborne Collectors Edition is a dark survival horror RPG featuring challenging combat and exploration. Intended for hardcore gamers seeking difficult, atmospheric gameplay experiences."
B00NQREKHS,Resident Evil: Revelations 2 - Xbox 360,"Resident Evil: Revelations 2 is a survival horror game featuring first-person zombie combat and resource management on the Xbox 360, targeting fans of the Resident Evil franchise and horror enthusiasts seeking intense, atmospheric gameplay."
B00O3JSK7E,DriveClub (PlayStation 4),"DriveClub is an open-world racing game emphasizing free-roaming exploration and narrative-driven challenges, ideal for casual to competitive drivers who enjoy creative gameplay mechanics."
B00OBZNI0O,The Last of Us Remastered - PS4 Download card/Voucher,"Survival horror action-adventure with stealth-focused combat and narrative-driven gameplay, intended for mature players who appreciate emotional storytelling and tactical challenges."
B00OGNV5HY,Shadow Warrior - Xbox One,"Shadow Warrior is a fast-paced first-person shooter featuring combat-focused gameplay and stealth elements in a post-apocalyptic setting, appealing to action-oriented players and FPS enthusiasts seeking skill-based challenges."
B00PBIGBOU,Valkyria Chronicles - Playstation 3,"Valkyria Chronicles is a tactical RPG featuring strategic turn-based combat with resource management and narrative depth, targeting strategy enthusiasts and fans of tactical RPGs."
B00PQ1OQ4Y,Kingdom Hearts HD 2.5 ReMIX Limited Edition,"Kingdom Hearts HD 2.5 ReMIX Limited Edition is a premium action-adventure RPG combining platforming, combat, and puzzle-solving across multiple worlds. Intended for Kingdom Hearts series fans seeking a comprehensive remastered experience."
B00QO4NAOO,MLB 15: The Show (10th Anniversary Edition),"A realistic baseball simulation game featuring tactical team management and in-game strategy, appealing to baseball enthusiasts and simulation gamers."
B00R0ZS9YW,FINAL FANTASY X/X-2 HD Remaster Limited Edition - PlayStation 4,"This HD remastered JRPG combines turn-based combat and exploration with a rich narrative, appealing to Final Fantasy fans and JRPG enthusiasts seeking accessible story-driven gameplay."
B00RU75I2G,DMC Devil May Cry: Definitive Edition - Xbox One,"A stylish third-person action game featuring fast-paced melee combat and fluid combat mechanics, ideal for players who enjoy precise, skill-based action sequences."
B00RUPKM74,The Legend of Zelda: Majora's Mask 3D,"The Legend of Zelda: Majora's Mask 3D is a time-based action-adventure puzzle game featuring daily time loops and exploration challenges, ideal for Zelda fans and players who enjoy atmospheric, mechanically complex gameplay."
B00RZ7T8TK,HORI Screen Protective Filter for Nintendo NEW 3DS XL,"This is not a video game but a physical screen protector accessory for the Nintendo 3DS XL console, designed to protect the device's display from scratches and improve visibility. It serves as hardware protection for the console, not a game genre or gameplay experience."
B00SHXKC8M,Borderlands: The Handsome Edition - PlayStation 4,"Borderlands: The Handsome Edition is a loot-focused co-op shooter with competitive combat and character customization, appealing to casual to hardcore gamers who enjoy fast-paced, humorous action."
B00SVVUOGU,Forza Motorsport 6 – Xbox One,"Realistic physics-based racing simulation for competitive car enthusiasts on Xbox One, emphasizing authentic vehicle handling and track racing."
B00SZ1DQFM,LEGO Jurassic World - Xbox One Standard Edition,"LEGO Jurassic World is a playful physics-based puzzle game featuring creative building and problem-solving mechanics. It appeals to families and casual gamers seeking accessible, humorous challenges with familiar Jurassic World themes."
B00TFVD688,Dying Light [Online Game Code],"Dying Light is a survival horror game featuring stealth-based combat and resource management in a post-apocalyptic setting, with online multiplayer options. It appeals to tactical horror enthusiasts and competitive players seeking cooperative or competitive online experiences."
B00USM22DI,God of War 3 Remastered - PlayStation 4,"This remastered action-adventure game features intense melee combat and mythological storytelling, targeting fans of the God of War series and hardcore action enthusiasts seeking challenging, narrative-driven gameplay."
B00W9DHUBS,Star Wars Battlefront Outer Rim - Xbox One Digital Code,Star Wars Battlefront: Outer Rim is a sci-fi third-person shooter featuring fast-paced space combat and tactical missions. This game appeals to Star Wars enthusiasts and action-oriented players seeking immersive galactic warfare experiences.
B00WOK8YX4,Middle Earth: Shadow of Mordor Game of the Year - PlayStation 4,Middle Earth: Shadow of Mordor is a third-person action RPG featuring combat-focused gameplay and exploration elements within Tolkien's universe. Intended for fantasy enthusiasts and action RPG players seeking lore-driven gameplay.
B00XBLQCLQ,Assassin’s Creed Syndicate - Gold Edition | PC Code - Ubisoft Connect,Historical action-adventure game featuring stealth combat and city-based missions set in 19th-century London. Intended for fans of tactical stealth gameplay and Assassin's Creed series enthusiasts.
B00XCZ3PMK,State of Decay: Year-One Survival Edition - Xbox One Digital Code,"This zombie survival game features resource management and base-building mechanics in a post-apocalyptic setting, targeting adult players who enjoy challenging survival experiences."
B00YM7AKLG,FIFA 16 - Standard Edition - PlayStation 4,FIFA 16 is a realistic soccer simulation game featuring team-based matches with physics-based ball handling. Intended for soccer enthusiasts seeking competitive multiplayer or single-player experiences on PlayStation 4.
B00YQ74LVM,Nintendo New 3DS XL - Galaxy Style,"This title appears to be a misunderstanding; ""Nintendo New 3DS XL"" is a hardware console model, not a video game title. The game ""Galaxy"" (a 3DS title) is a puzzle-adventure game targeting casual players with simple mechanics and light storytelling."
B00YQM1PNY,UNCHARTED: The Nathan Drake Collection - PlayStation 4,"UNCHARTED: The Nathan Drake Collection is a third-person action-adventure series featuring exploration, puzzle-solving, and shooting gameplay. Intended for action-adventure enthusiasts seeking immersive treasure-hunting experiences."
B00Z9LUDX4,Ratchet & Clank - PlayStation 4,"A 3D platformer adventure game featuring exploration, puzzle-solving, and action gameplay. Intended for casual to hardcore players who enjoy narrative-driven exploration and puzzle mechanics."
B00Z9TIB4Y,South Park: The Fractured But Whole SteelBook Gold Edition (Includes Season Pass subscription) - PlayStation 4,"This South Park action-adventure game features fast-paced third-person shooter gameplay with comedic satire, appealing to fans of the franchise and teens/adults seeking humor-driven action titles."
B00Z9TJ1VQ,Hitman - Upgrade Pack - Xbox One Digital Code,"This Xbox One-exclusive stealth action game features precision assassination missions with tactical gameplay, appealing to fans of spy thrillers and tactical shooters."
B00Z9TJBUW,Transformers Devastation - Xbox One,Transformers Devastation is a tactical strategy game featuring team-based combat and resource management for Transformers. Intended for franchise fans and strategy enthusiasts seeking tactical battles.
B00Z9TJHEC,Hyrule Warriors: Legends - Nintendo 3DS,Hyrule Warriors: Legends is a 2D side-scrolling fighting game featuring real-time combat with motion controls. Intended for Nintendo 3DS players and Zelda fans seeking accessible action gameplay.
B00Z9TKRH8,Yoshi's Woolly World - Wii U,"Yoshi's Woolly World is a physics-based puzzle-platformer where players collect wool balls while navigating hazards. Intended for casual gamers and families seeking light, accessible Nintendo-style challenges."
B00Z9TL6KA,Madden NFL 16 - Xbox One,Madden NFL 16 is an American football simulation game featuring real-time team gameplay with strategic depth. This title appeals to casual to dedicated football fans seeking authentic NFL experiences.
B00Z9TMBOU,Battlefield 1 - Xbox One,Battlefield 1 is a team-based multiplayer first-person shooter featuring large-scale World War I battles with tactical combat and historical accuracy. Intended for competitive players who enjoy strategic team-based warfare in immersive historical settings.
B00Z9TMH1W,Madden NFL 17 - Deluxe Edition - Xbox One,Madden NFL 17 is a realistic American football simulation game featuring physics-based gameplay and team strategies. Ideal for casual to competitive football fans seeking authentic NFL experiences on Xbox One.
B00ZDNNRB8,Xbox Elite Wireless Controller,"This is not a video game title but an Xbox hardware product. For game recommendations, please provide a valid game title."
B00ZKZYKMO,Plants vs. Zombies Garden Warfare 2 - Xbox One,Plants vs. Zombies Garden Warfare 2 is a fast-paced team-based strategy game where players build defenses to defeat opposing teams of zombies. Ideal for casual to competitive strategy enthusiasts seeking multiplayer tactical challenges.
B00ZM5OXD8,Dishonored 2 - PlayStation 4,"Dishonored 2 is a stealth-action game featuring non-lethal combat and environmental manipulation mechanics, targeting players who enjoy narrative-driven stealth gameplay and strategic problem-solving."
B00ZMBLKPG,Gears of War: Ultimate Edition – Xbox One,Gears of War: Ultimate Edition is a fast-paced team-based first-person shooter featuring intense combat and cooperative gameplay. It appeals primarily to hardcore FPS enthusiasts and competitive multiplayer players seeking high-octane action.
B011AH9A16,Shovel Knight - PlayStation 4,"Shovel Knight is a 2D platformer featuring precise platforming, puzzle-solving, and shovel-based combat. Intended for retro game enthusiasts and players who enjoy challenging yet fair platforming mechanics."
B013HMN66M,Rise of the Tomb Raider: 20 Year Celebration - PlayStation 4,"This 20th-anniversary action-adventure game features Lara Croft exploring ancient ruins, solving environmental puzzles, and engaging in combat. Recommended for Tomb Raider enthusiasts and players seeking narrative-driven exploration challenges."
B014R4KYMS,Uncharted 4: A Thief's End - PlayStation 4,"Uncharted 4: A Thief's End is a third-person action-adventure game featuring cinematic storytelling, precise combat, and exploration. It appeals to fans of narrative-driven action games with a focus on stealth and puzzle-solving."
B015KBXBM2,The Legend of Heroes: Trails of Cold Steel - Lionheart Edition - PlayStation Vita,"This PlayStation Vita JRPG features turn-based combat and narrative-driven gameplay, appealing to core JRPG enthusiasts seeking strategic battles and deep storytelling."
B0167Q9FPQ,Far Cry Primal - PC Standard Edition,"Far Cry Primal is a survival action-adventure game featuring wilderness exploration, resource gathering, and combat mechanics, intended for players who enjoy immersive survival gameplay and open-world environments."
B016P6KIFY,PlayStation 4 500GB Console - Uncharted: The Nathan Drake Collection Bundle (Physical Disc)[Discontinued],"This action-adventure game bundle features third-person shooter gameplay with exploration and puzzle-solving elements, targeting fans of cinematic storytelling and adventure titles."
B017C6OK7S,The Legend of Zelda: A Link Between Worlds 3D,This 3D platformer features puzzle-solving and time-travel mechanics through the Between Worlds dimension. Intended for Zelda fans seeking challenging exploration and inventive puzzle-solving in a distinct 3D action-adventure setting.
B017QU5KLK,Overwatch - Game of the Year Edition - Xbox One,"Overwatch is a team-based first-person shooter featuring real-time strategy with character abilities and objective-based gameplay. Intended for casual to competitive players who enjoy fast-paced, social team battles."
B017V6YVDC,PlayStation Plus: 1 Month Membership [Digital Code],This is not a video game but a PlayStation subscription service offering digital access to games and features. It provides monthly membership benefits for PlayStation users without involving gameplay mechanics or target audiences for players.
B017W1771Y,"The Legend of Zelda: Twilight Princess HD Wii U - Nintendo Toy Figure, 5.7""x3.5""x8"" Animal Theme, No Assembly Required","This HD remaster of The Legend of Zelda: Twilight Princess offers a 3D action-adventure RPG experience with exploration, combat, and puzzle-solving. Intended for fans of the Zelda series and players aged 12 and above who enjoy challenging, story-driven gameplay."
B018QH6VVA,Xbox One Limited Edition Halo 5: Guardians Wireless Controller,First-person shooter with team-based combat and large-scale sci-fi battles. Intended for Xbox gamers and Halo fans seeking cooperative multiplayer experiences.
B0191J0RXA,Dark Souls III: Day 1 Edition - PlayStation 4,"Dark Souls III: Day 1 Edition is a challenging action RPG featuring intricate combat mechanics and demanding exploration, intended for experienced players seeking tactical depth and lore-rich gameplay."
B019EWMXWC,Odin Sphere Leifthrasir: Storybook Edition - PlayStation 4 Storybook Edition,"This action-adventure game features exploration and puzzle-solving in a storybook style, targeting children and families with its accessible narrative and mechanics."
B019WRM1IA,Microsoft Xbox 360 Wired Controller for Windows & Xbox 360 Console,"This is not a video game title but a hardware controller product. Recommender metadata requires actual game titles, not peripherals; please provide a correct game title for genre, gameplay, and audience analysis."
B01AC3ZD06,Nintendo Selects: Super Mario 3D World,This 3D platformer features fast-paced cooperative gameplay where players navigate challenging levels together. Intended for casual gamers and families seeking accessible Mario adventures.
B01AC3ZGRG,Nintendo Selects: Donkey Kong Country: Tropical Freeze,"A 2D platformer featuring precise jumping mechanics and enemy combat in tropical environments, designed for casual to intermediate players who enjoy accessible yet challenging Nintendo 64-style platforming."
B01BF9X6LO,LEGO Star Wars: The Force Awakens - PlayStation Vita Standard Edition,"LEGO puzzle-adventure game featuring action-packed levels and character interactions from Star Wars: The Force Awakens, targeting family-friendly fans and casual players on PlayStation Vita."
B01CKGI4RM,Paper Mario: Color Splash - Wii U Standard Edition,"Paper Mario: Color Splash is a 2D platformer puzzle game featuring vibrant exploration and color-based mechanics, designed for family-friendly audiences and casual players."
B01CR058OS,Resident Evil 5 - Standard Edition - PlayStation 4,"Resident Evil 5 is a survival horror action-adventure game featuring tense zombie combat and resource management in a first-person perspective. This PS4 release targets horror enthusiasts and fans of the Resident Evil franchise seeking atmospheric, challenging gameplay."
B01DE9DY8S,Sony PlayStation VR,Sony PlayStation VR is not a video game but the PlayStation VR headset system. This immersive virtual reality platform offers 3D gameplay experiences with motion tracking for enthusiasts seeking high-quality VR content.
B01GKFPFZS,Watch Dogs 2 Deluxe Edition - Xbox One Digital Code,"First-person action-adventure game featuring urban hacking and stealth mechanics for open-world exploration, appealing to fans of tech-integrated gameplay and urban simulation. Targeted at players who enjoy immersive city environments with strategic system manipulation."
B01GW3GM7I,Xbox One S 2TB Console - Launch Edition [Discontinued],This is not a video game but the launch edition of the Xbox One S console hardware. The product description indicates it's discontinued with 2TB storage capacity.
B01GW3H3U8,Xbox Wireless Controller – White,"This title is not a video game but a physical Xbox Wireless Controller accessory (white variant). Recommender metadata requires actual game titles, not hardware products; please provide a valid game name for genre, gameplay, and audience analysis."
B01GW3LRD2,Forza Horizon 3 – Xbox One,"Forza Horizon 3 is an open-world racing game featuring vehicle customization and competitive online multiplayer. Recommended for Xbox One players who enjoy fast-paced, social racing experiences with visual flair."
B01GW8VG7O,Xbox One X 1TB Limited Edition Console - Project Scorpio Edition [Discontinued],"This is a discontinued Xbox One X console hardware product (Project Scorpio Edition), not a video game. Therefore, it does not qualify for video game recommender metadata as it lacks gameplay, genre, or audience characteristics."
B01GY35E8Y,Dead Rising 4 - Xbox One,Dead Rising 4 is a survival horror action game featuring fast-paced zombie combat and platforming challenges. Intended for fans of the Dead Rising series and action-oriented horror players seeking high-energy survival gameplay.
B01GY35GIM,Titanfall 2 - SteelBook Edition - PlayStation 4,"Titanfall 2 is a fast-paced third-person shooter featuring tactical mech combat and team-based multiplayer action, appealing to competitive gamers and strategy enthusiasts seeking high-octane sci-fi battles."
B01GY35UK6,Resident Evil 7: Biohazard - PlayStation 4,"First-person survival horror game where players navigate terrifying environments while evading monsters, targeting fans of psychological horror and intense survival experiences on PlayStation 4."
B01GY35W22,Marvel’s Spider-Man - PlayStation 4,Marvel's Spider-Man is a superhero action-adventure game featuring web-swinging combat and urban exploration. It appeals to fans of narrative-driven superhero titles and action-adventure enthusiasts seeking dynamic gameplay on PlayStation 4.
B01GY3601E,God of War Stone Mason's Edition - PlayStation 4,"This PlayStation 4 action-adventure game features intense melee combat and exploration within a gritty mythological setting, targeting mature fans of high-stakes action and narrative-driven gameplay."
B01I59OFDU,Resident Evil 4 - Xbox One Standard Edition,Action horror game featuring fast-paced combat and survival mechanics targeting core action and horror enthusiasts.
B01IC2A28C,Pokémon Sun and Pokémon Moon Steelbook Dual Pack – Nintendo 3DS (Amazon Exclusive),"This Nintendo 3DS Pokémon RPG features turn-based battles, exploration, and collection mechanics, targeting core franchise fans seeking strategic gameplay and Pokémon cultivation."
B01JJFZ3LC,Nintendo 2DS - Electric Blue with Mario Kart 7,"This handheld racing game features competitive kart racing with power-ups and multiplayer modes. Intended for casual gamers and Nintendo fans seeking accessible, fast-paced racing action."
B01LRLJV28,PlayStation 4 Slim 500GB Console - Uncharted 4 Bundle Discontinued,"Uncharted 4 is a third-person action-adventure game featuring stealth, combat, and exploration. It targets mature gamers aged 16-35 who enjoy narrative-driven action sequences with cinematic storytelling."
B01LYH50DX,Assassin's Creed: The Ezio Collection - Xbox One Digital Code,Historical action-adventure collection featuring stealth combat and period-accurate exploration. Intended for fans of tactical stealth gameplay and historical settings.
B01M1DN3OO,BioShock: The Collection - Xbox One,BioShock: The Collection is a narrative-driven first-person shooter compilation featuring puzzle-solving and combat in atmospheric underwater city settings. Intended for fans of story-rich FPS experiences with strategic gameplay.
B01M6C7YE8,Red Dead Redemption 2 Playstation 4,Red Dead Redemption 2 is a Western action-adventure game featuring immersive open-world exploration and narrative-driven gameplay. Intended for mature players who enjoy detailed storytelling and expansive western themes.
B01M8GXNJX,Sniper Elite 4 - PlayStation 4,"Tactical first-person shooter featuring precision long-range combat and strategic planning. Intended for tactical shooter enthusiasts and strategy game fans seeking challenging, methodical gameplay."
B01MG8P418,Steam Controller,"""Steam Controller"" is not a video game title but Valve's proprietary gaming controller hardware. This device is designed for PC gamers to enhance gameplay in first-person shooters, strategy, and competitive titles through customizable inputs and precise motion controls."
B01MYUCFBK,"Persona 5 - PlayStation 4 ""Take Your Heart"" Premium Edition","Persona 5 is a stylish social simulation RPG featuring turn-based combat and character-driven narratives, appealing to JRPG enthusiasts who enjoy strategic role-playing with strong social mechanics."
B01N332TG8,The Elder Scrolls V: Skyrim - Nintendo Switch,"An open-world action RPG featuring exploration, combat, and player-driven storytelling. Recommended for fans of fantasy RPGs seeking expansive worlds and freedom of choice."
B01N3ASPNV,amFilm Tempered Glass Screen Protector for Nintendo Switch 2017 (2-Pack),This is not a video game but a physical screen protector accessory for Nintendo Switch consoles. It provides tempered glass protection for devices to prevent scratches and cracks.
B01N4X95QL,Nioh - PlayStation 4,"Nioh is a historically inspired action RPG on PlayStation 4 featuring intense melee combat with precision-focused mechanics. It targets action game enthusiasts seeking challenging, skill-based combat experiences."
B01NAGTKX3,Crash Bandicoot N. Sane Trilogy - PlayStation 4 Standard Edition,"3D platformer remaster collection featuring physics-driven puzzle mechanics. Recommended for nostalgic 90s platformer enthusiasts and casual gamers seeking accessible, fast-paced platforming action."
B06XBN6NCH,Middle-Earth: Shadow Of War - PlayStation 4,Middle-Earth: Shadow Of War is a third-person action RPG featuring fast-paced combat and exploration within Tolkien's fantasy universe. It appeals to fantasy enthusiasts seeking story-driven gameplay with melee and ranged combat mechanics.
B06XDZGHWK,Kingdom Hearts HD 1.5 + 2.5 ReMIX - PlayStation 4,"This PlayStation 4 action-adventure/RPG remaster combines story-driven gameplay with platforming and combat, targeting Kingdom Hearts series fans and Disney/Pixar enthusiasts."
B06XHMPPLH,NieR: Automata - Playstation 4,"NieR: Automata is a challenging action RPG featuring precise combat mechanics and narrative depth. Recommended for fans of mechanically complex, story-driven games with high difficulty."
B06XHVJY3T,Final Fantasy XII The Zodiac Age - Xbox One,Turn-based JRPG featuring strategic combat and narrative-driven gameplay for core Final Fantasy enthusiasts seeking deep storytelling and tactical challenges.
B06ZXXHMS7,Gears of War - PC,"Gears of War is a fast-paced first-person shooter featuring intense team-based combat, melee action, and vehicle warfare, targeting fans of cooperative multiplayer and single-player campaigns."
B06ZY6VHDD,Resident Evil Origins Collection - Xbox One Standard Edition,"This Xbox One Standard Edition collection features two classic survival horror games from the Resident Evil series. It offers tense exploration, resource management, and combat against infected enemies, targeting horror enthusiasts and fans of the original franchise."
B0716CXJ1R,Darksiders III - Collector's Edition - Xbox One,"A fast-paced action-adventure game featuring third-person combat and dark fantasy themes, appealing to fans of mythological storytelling and hack-and-slash gameplay."
B071CK7P1L,Yakuza Kiwami - PlayStation Hits - PlayStation 4,Yakuza Kiwami is a third-person action-adventure game featuring fast-paced combat and social simulation elements. It targets Yakuza series enthusiasts and players seeking narrative-driven crime-themed experiences.
B071G61TRM,Assassin's Creed Origins - Gold Edition | PC Code - Ubisoft Connect,"An open-world historical action-adventure game set in ancient Egypt featuring stealth combat and exploration, appealing to players who enjoy immersive historical settings and strategic gameplay."
B071Y492GH,Xenoblade Chronicles X,"Xenoblade Chronicles X is a turn-based JRPG featuring large-scale battles, deep narrative exploration, and character progression, targeting fans of story-driven RPGs and the Xenoblade Chronicles series."
B07213YKCX,Pokémon Ultra Sun and Ultra Moon Steelbook Dual Pack - Nintendo 3DS,Pokémon Ultra Sun and Ultra Moon is a turn-based RPG series for the Nintendo 3DS featuring regional exploration and Pokémon battles. Recommended for core Pokémon fans and casual players seeking turn-based combat and collection mechanics.
B0721BX7DQ,Sonic Mania: Collector's Edition - Nintendo Switch,"Sonic Mania: Collector's Edition is a challenging 2D platformer focused on precise timing and high-speed movement. Recommended for Sonic enthusiasts and platforming fans seeking a fast-paced, skill-based experience on Nintendo Switch."
B072V478NR,Amazon Basics Carrying Case for Nintendo Switch - Black,"This title is not a video game but a physical retail product (a Nintendo Switch carrying case). Recommender metadata should reflect its actual nature as a hardware accessory, not a game genre or gameplay experience."
B073GY1PRY,Until Dawn - PlayStation 4,"Until Dawn is a psychological horror game featuring choice-driven survival mechanics and intense narrative tension, targeting horror enthusiasts who appreciate interactive storytelling and high-stakes decision-making."
B073K6WMJ9,Splatoon 2: Starter Pack - Nintendo Switch,Splatoon 2: Starter Pack is a team-based tactical shooter featuring ink battles and objective-based gameplay. Intended for casual players and Nintendo Switch enthusiasts new to ink-based combat.
B074MMGR8F,Uncharted: The Lost Legacy - PlayStation 4,Third-person action-adventure game featuring platforming challenges and puzzle-solving. Intended for PlayStation 4 players who enjoy cinematic narrative-driven exploration and tactical combat.
B075XLGQ4V,Metroid: Samus Returns - Nintendo 3DS,"Metroid: Samus Returns is a challenging action-adventure game featuring precise platforming, enemy combat, and resource management through exploration. Ideal for Metroid series fans and players who enjoy strategic, exploration-focused gameplay with a strong emphasis on skillful movement and progression."
B07624RBWB,Nintendo Switch Pro Controller,"The title ""Nintendo Switch Pro Controller"" refers to a hardware accessory, not a video game, so it lacks a genre, gameplay style, or intended audience for recommender metadata. This controller is a peripheral designed for the Nintendo Switch console."
B077GG9D5D,DualShock 4 Wireless Controller for PlayStation 4 - Jet Black,"This title refers to a PlayStation 4 controller accessory, not a video game, so it lacks genre, gameplay style, or audience for recommendation metadata. Please provide a valid video game title for accurate recommender metadata."
B077TB64KB,Xenoblade Chronicles 2 - Expansion Pass - Nintendo Switch [Digital Code],"Xenoblade Chronicles 2 Expansion Pass delivers a turn-based JRPG experience emphasizing deep narrative exploration and character progression, targeting fans of story-driven RPGs and Nintendo Switch players seeking expanded content."
B07895QZBF,Horizon Zero Dawn: Complete Edition - PlayStation 4,"Horizon Zero Dawn: Complete Edition is a post-apocalyptic action-adventure game featuring third-person combat, exploration, and puzzle-solving. Recommended for fans of immersive narratives and challenging gameplay in open-world environments."
B079C7QGLQ,Shadow of the Colossus Special Edition - PlayStation 4,Atmospheric action-adventure game featuring precise combat against giant colossi. Recommended for fans of challenging exploration and narrative-driven gameplay.
B07BLRF329,Rise of the Tomb Raider - Xbox One Digital Code,Rise of the Tomb Raider is a third-person action-adventure game featuring exploration-focused puzzle-solving with combat. Recommended for fans of narrative-driven action-adventure titles seeking challenging environmental storytelling.
B07BW77M9V,Captain Toad: Treasure Tracker - Nintendo Switch [Digital Code],"Captain Toad: Treasure Tracker is a physics-based puzzle-platformer emphasizing exploration and treasure collection. Ideal for family-friendly players seeking accessible, non-violent challenges on Nintendo Switch."
B07BWJWBJL,Octopath Traveler,Octopath Traveler is a turn-based JRPG featuring party exploration and combat across a fantasy world. It appeals to fans of classic JRPGs seeking narrative-driven gameplay with strategic turn-based battles.
B07BY1MB34,Spyro Reignited Trilogy - PlayStation 4,"Spyro Reignited Trilogy is a nostalgic 3D platformer trilogy offering fast-paced exploration, puzzle-solving, and combat gameplay. It targets children and casual gamers seeking accessible, family-friendly action-adventure experiences."
B07CB12726,Minecraft Game Voucher - PlayStation Vita,"This PlayStation Vita voucher grants access to Minecraft, a sandbox game featuring block-based building and exploration. Intended for casual and creative players seeking open-world construction and survival mechanics."
B07CD6F5PX,Dragon Quest Xi: Echoes of An Elusive Age - PlayStation 4,"Dragon Quest Xi: Echoes of An Elusive Age is a turn-based JRPG featuring classic party combat, exploration, and narrative progression, ideal for fans of the Dragon Quest series seeking story-driven adventures on PlayStation 4."
B07CLKZJF4,Tales of Vesperia - Xbox 360,Tales of Vesperia is a turn-based action RPG featuring strategic combat and exploration. Intended for JRPG enthusiasts and fans of the Tales series.
B07CQXSC7K,Tales of Symphonia Chronicles - Playstation 3,Tales of Symphonia Chronicles is a turn-based JRPG featuring strategic combat and narrative-driven exploration. Intended for fans of the Tales series who enjoy character-focused storytelling and tactical gameplay.
B07D3JSZ8F,Mario + Rabbids Kingdom Battle - Nintendo Switch [Digital Code],This turn-based strategy game features tactical combat and cooperative multiplayer where players control Mario and Rabbids to battle through levels. Intended for Mario fans and casual strategy enthusiasts seeking accessible tactical gameplay on Nintendo Switch.
B07DKT3WJ2,Assassin's Creed Odyssey Standard Edition - Xbox One,"Open-world action-adventure game set in ancient Greece featuring historical exploration, combat, and time-travel mechanics. Recommended for mature players seeking immersive historical adventures with active gameplay."
B07DKYN13M,Assassin's Creed Odyssey - PlayStation 4 Standard Edition,"Assassin's Creed Odyssey is an open-world action-adventure game set in ancient Greece, featuring historical combat and exploration. It targets casual and historical action enthusiasts seeking immersive gameplay experiences."
B07DPK5NPD,Super Smash Bros. - Nintendo Wii U,"Super Smash Bros. Wii U is a competitive fighting game featuring character battles with motion-controlled gameplay, appealing to both competitive gamers and casual players seeking accessible, family-friendly action."
B07F1HTGV1,Diablo 3 Eternal Collection - Nintendo Switch,"Diablo 3 Eternal Collection for Nintendo Switch is a real-time action RPG featuring fast-paced demon combat, character progression, and cooperative gameplay, targeting Diablo series fans and action RPG enthusiasts."
B07HGT7JC8,Final Fantasy X & X-2 HD Remaster - Xbox One,"This HD remaster of two classic Final Fantasy JRPGs offers story-focused exploration and turn-based combat, ideal for fans of the series and JRPG enthusiasts seeking accessible narrative adventures on Xbox One."
B07K3KHFSY,Nyko Charge Base - 2 Port Controller Charger with 2 USB Charge Adapters for PlayStation 3,"This product is not a video game but a PlayStation 3 hardware accessory: a dual-controller charging base with USB adapters for PS3 users. It serves as a practical charging solution for PlayStation 3 controllers and devices, targeting gamers needing reliable peripheral charging."
B07L5FKGQH,Far Cry New Dawn - Deluxe Edition - Xbox [Digital Code],"Far Cry New Dawn is a post-apocalyptic first-person shooter featuring open-world exploration and intense combat. Ideal for action-oriented players seeking immersive, fast-paced adventures in the Far Cry universe."
B07MHNTVBL,LEGO Marvel Super Heroes - PlayStation 4,Physics-based superhero platformer with puzzle elements for casual gamers and Marvel enthusiasts.
B07N2Z9VZX,Kingdom Hearts II - PlayStation 2,"Kingdom Hearts II is a PlayStation 2 action-adventure RPG featuring platforming challenges, narrative-driven combat, and character progression. It appeals to fans of story-rich games with challenging exploration and combat mechanics."
B07N5LL4YW,Knack (PlayStation 4),"Knack is a physics-based platformer requiring precise timing for challenging platforming sequences, ideal for casual gamers seeking skillful, precision-focused gameplay."
B07NKN4VR4,Batman: Arkham Asylum [Game of the Year Edition] (Platinum Hits),"Third-person action-adventure game featuring combat and puzzle-solving with immersive storytelling. Targeted at Batman enthusiasts and action game fans seeking intense, fast-paced gameplay."
B07NLRSN12,Darksiders: Warmastered Edition (PS4) - PlayStation 4,"PlayStation 4-exclusive remastered action-adventure game featuring fast-paced combat and mythological storytelling, ideal for fans of challenging third-person action games."
B07NSTDHGM,Yakuza 6: The Song of Life - PlayStation 4 Standard Edition,"Yakuza 6 is a fast-paced third-person action RPG featuring open-world combat, comedic social interactions, and story-driven missions, targeting fans of the Yakuza series and action RPG enthusiasts seeking lighthearted, culturally rich gameplay."
B07P56JS2T,inFAMOUS Collection - Playstation 3,"The inFAMOUS Collection is a PlayStation 3 compilation of action-adventure titles featuring third-person combat, stealth mechanics, and narrative-driven gameplay, targeting fans of the genre and PlayStation 3 users."
B07P8S76BH,Lumines: Electronic Symphony - PlayStation Vita,"Lumines: Electronic Symphony is a rhythm-based puzzle game where players match colored blocks in sync with musical patterns, appealing to casual to intermediate puzzle enthusiasts seeking meditative gameplay."
B07P9VQ4Z8,Mortal Kombat - PlayStation Vita,Mortal Kombat: PlayStation Vita is a 2D fighting game featuring fast-paced martial arts combat. It targets competitive fighting game enthusiasts seeking high-intensity battles.
B07PZ8NZSZ,PlayStation 4 Pro 1TB Console,"This title refers to a PlayStation 4 Pro console hardware model, not a video game. Recommender metadata should focus on actual game titles, so this entry does not represent a playable game genre, gameplay style, or audience. Please verify the intended game title for accurate recommendations."
B07R7F4XDZ,Dragon Ball Xenoverse - Xbox One,"Dragon Ball Xenoverse is a 3D fighting game featuring fast-paced combat and story-driven battles across multiple Dragon Ball universes, targeting fans of the franchise."
B07RFZFNQT,Dark Souls III: The Fire Fades Edition - Xbox One,"Dark Souls III: The Fire Fades Edition is a challenging Souls-like action RPG featuring precise combat, intricate world exploration, and demanding boss encounters. This title appeals primarily to experienced RPG players seeking high-stakes combat and rewarding progression within a difficult, atmospheric fantasy setting."
B07SM7G9CN,Donkey Kong Country: Tropical Freeze - Nintendo Switch,Donkey Kong Country: Tropical Freeze is a 2D platformer featuring precise jungle-themed platforming challenges with jumping mechanics. Ideal for casual to intermediate platformers seeking accessible yet skillful gameplay.
B07SRWRH5D,Final Fantasy VII: Remake - PlayStation 4,"Final Fantasy VII: Remake is a turn-based JRPG featuring narrative-driven combat and character progression, ideal for fans of the original series and RPG enthusiasts seeking a story-rich experience."
B07WS18ZS3,Batman: Arkham Knight - Playstation 4,"Batman: Arkham Knight (PS4) is a third-person action-adventure game emphasizing combat-focused parkour, environmental storytelling, and challenging gameplay mechanics for mature players seeking intense superhero narratives and complex tactical combat."
B07WS5R5DP,Batman: Arkham Origins - Xbox 360,"Third-person action-adventure game featuring melee combat, parkour, and detective mechanics. Targeted at mature Batman enthusiasts and action gamers seeking intense urban gameplay."
B07WS6ZFTG,"Microsoft Xbox One X 1Tb Console With Wireless Controller: Enhanced, Hdr, Native 4K, Ultra Hd (Discontinued)","This is not a video game but a discontinued Microsoft Xbox One X console hardware unit with 1TB storage, 4K Ultra HD support, and HDR capabilities. It serves as a gaming platform specification, not a game title."
B07WT56LHX,WB Games Mortal Kombat XL - Playstation 4,"This PlayStation 4 fighting game features 2D versus combat with character-specific moves and special attacks, intended for fans of competitive martial arts games and Mortal Kombat enthusiasts."
B07WWJDWY3,Batman: Arkham City - Game of The Year Edition (Restricted Distribution),"Third-person action-adventure game emphasizing combat and urban exploration, ideal for mature fans of superhero titles and action-adventure enthusiasts."
B07WWK48DV,Batman: Arkham City - Game of The Year Edition,"Batman: Arkham City is a third-person action-adventure game featuring fast-paced combat, stealth mechanics, and urban exploration. Recommended for superhero narrative fans and players seeking intense, story-driven gameplay with high-stakes action."
B07WZS4CTC,WB Games Middle Earth: Shadow of Mordor - Xbox One,"A dark fantasy action RPG with combat-focused gameplay and exploration elements, appealing to fantasy enthusiasts and action RPG fans seeking immersive Middle-earth adventures."
B07X13HNK3,Batman: Arkham Origins,"Batman: Arkham Origins is a third-person action-adventure game centered on combat, parkour, and puzzle-solving mechanics, appealing to superhero enthusiasts and action game fans."
B07X1HF3V6,WB Games Mortal Kombat: Komplete Edition - Playstation 3,"This PlayStation 3 compilation features the classic fighting game genre with fast-paced martial arts combat and fatalities, targeting competitive players and Mortal Kombat enthusiasts."
B07X56RNBY,Batman: Arkham Asylum (Game of The Year Edition) - Playstation 3,"Batman: Arkham Asylum (Game of The Year Edition) is a third-person action-adventure game featuring combat, stealth, and puzzle-solving in a gritty Gotham City setting. Intended for mature gamers who enjoy narrative-driven superhero experiences and challenging action sequences."
B07X56S77D,WB Games Batman Arkham City: Armored Edition,"Third-person action-adventure game featuring Batman's combat-focused parkour and urban exploration, targeting mature fans of superhero narratives and fast-paced city-based gameplay."
B07X5X5KF9,WB Games Middle Earth: Shadow of Mordor - Playstation 4,"Third-person action RPG featuring fast-paced melee combat and strategic resource management in a dark fantasy setting. Intended for fantasy enthusiasts and players who enjoy narrative-driven, challenging gameplay."
B07X649B77,WB Games Mad Max - Playstation 4,"This PS4-exclusive action game features high-octane vehicular combat and destruction physics in a post-apocalyptic setting. Intended for fans of fast-paced, gritty sci-fi action titles."
B07YBWT3PK,Fallout 4 - Xbox One,"Fallout 4 is a post-apocalyptic action RPG featuring exploration, combat, and crafting in a gritty sci-fi setting, appealing to fans of narrative-driven RPGs and immersive survival gameplay."
B07YBX5FVF,The Elder Scrolls IV: Oblivion - Xbox 360 5th Anniversary Edition,Fantasy RPG with open-world exploration and player-driven storytelling. Intended for fans of narrative-rich RPGs seeking deep world immersion and freedom in gameplay.
B07YBX6T95,Fallout: New Vegas - Xbox 360 Ultimate Edition,"Fallout: New Vegas (Xbox 360 Ultimate Edition) is a post-apocalyptic first-person RPG emphasizing exploration, combat, and narrative choices, ideal for fans of story-driven RPGs and strategy games."
B07YBX8RNF,Wolfenstein: The Old Blood - Xbox One,"Wolfenstein: The Old Blood is a historical first-person shooter featuring intense combat, stealth mechanics, and atmospheric 1940s settings. It appeals primarily to fans of the Wolfenstein franchise and action-adventure players seeking challenging, narrative-driven gameplay."
B07YBXFDYK,The Evil Within 2 - PlayStation 4,"First-person survival horror game featuring psychological tension and high-stakes combat, targeting horror enthusiasts who prefer atmospheric, action-oriented experiences with minimal dialogue."
B07YBXFDYN,Skyrim VR - PlayStation 4,"This title appears to be a misunderstanding; Skyrim VR is exclusive to PlayStation VR and PC, not PlayStation 4. The game is an open-world action RPG featuring exploration, combat, and crafting in a fantasy setting, intended for VR enthusiasts and The Elder Scrolls fans."
B07YBXFF5C,Doom - PC,"Doom is a fast-paced first-person shooter featuring intense combat and run-and-gun gameplay, appealing to action-oriented players and retro gaming enthusiasts."
B07YBXFF99,Dishonored - PlayStation 3 Game of the Year Edition,"Dishonored is a stealth-action game featuring non-lethal environmental eliminations and supernatural abilities. Intended for mature players who enjoy strategic, puzzle-focused gameplay with minimal direct combat."
B07YBXJ5FK,The Evil Within - Xbox One,"First-person survival horror game featuring intense combat and environmental puzzles, targeting horror enthusiasts and action-oriented players seeking atmospheric tension."
B07YBXN77W,Doom 3 - Xbox 360 BFG Edition,"Doom 3 is a cooperative first-person horror shooter featuring intense combat against alien forces in a base-underground setting. Intended for Doom fans seeking fast-paced, team-based action with minimal narrative focus."
B07YBXNWXL,Wolfenstein: The New Order - Xbox 360,Wolfenstein: The New Order is a fast-paced first-person shooter featuring intense combat and historical themes. Intended for fans of action-oriented FPS games seeking challenging military narratives.
B07Z9Z39ZW,Witcher 3: Wild Hunt Complete Edition - Nintendo Switch,Action RPG with narrative-driven exploration and combat on Nintendo Switch. Intended for fans of deep story-driven RPGs and strategy-focused players seeking immersive world-building.
B07ZJ6RY1W,$45 Nintendo eShop Gift Card [Digital Code],This is not a video game but a Nintendo eShop gift card for digital purchases; recommender metadata for games does not apply to this payment code.
B081243BT6,Orzly Carrying case for Nintendo Switch OLED and Switch Console - Purple Protective Hard Portable Travel case Shell Pouch for Nintendo Switch Console & Accessories,"This is not a video game but a physical accessory product for the Nintendo Switch console. Recommender systems should classify this as a hardware case/pouch item, not a game genre or gameplay experience."
B081W1VBKN,Darksiders 2: Deathinitive Edition - Xbox One - Xbox One Standard Edition,"Darksiders 2: Deathinitive Edition is a third-person action-adventure game featuring fast-paced combat, platforming challenges, and mythological storytelling. Intended for fans of the Darksiders series and action-oriented players seeking challenging, skill-based gameplay."
B084D57QLR,Dragon Quest Builders - PlayStation 4,"Dragon Quest Builders is a sandbox construction RPG where players build structures in a fantasy world, appealing to Dragon Quest fans and casual builders seeking creative gameplay."
B08588JHQH,Resident Evil 3 - PlayStation 4,"Resident Evil 3 is a survival horror game featuring first-person action with resource management and tense enemy encounters, targeting horror enthusiasts and action-oriented players seeking atmospheric challenges."
B087CR9TR7,DOOM Eternal: Standard Edition - PlayStation 4,"DOOM Eternal is a fast-paced first-person shooter featuring intense combat against demonic enemies. Ideal for action-oriented players seeking high-intensity, chaotic gameplay experiences."
B087LSSNG1,Xenoblade Chronicles: Definitive Edition - Nintendo Switch,"Xenoblade Chronicles: Definitive Edition is a turn-based JRPG featuring strategic combat and large-scale world exploration, targeting fans of narrative-driven RPGs seeking deep storytelling and tactical gameplay experiences."
B087NM8BB6,Luigi's Mansion 3 - Nintendo Switch [Digital Code],"Luigi's Mansion 3 is a puzzle-platformer game featuring ghost-catching mechanics and light-based puzzles, targeting family-friendly horror enthusiasts and casual Nintendo Switch players."
B087NN2K41,Mario Kart 8 Deluxe – Booster Course Pass - Nintendo Switch [Digital Code],"Competitive kart racing game featuring item-based chaos and quick matches. Targets casual to competitive players seeking accessible, family-friendly racing action."
B087NNPYP3,The Legend of Zelda: Breath of the Wild Master Edition - Nintendo Switch,"Open-world action-adventure game emphasizing non-linear exploration and physics-based puzzles, ideal for players who enjoy immersive, freedom-focused gameplay and challenging problem-solving experiences."
B087NNZZM8,Animal Crossing: New Horizons (Physical) & Happy Home Paradise [Digital Code] - Nintendo Switch,"Life simulation titles featuring relaxing island building and social interaction gameplay for Nintendo Switch. Intended for casual players, families, and those seeking low-stress creative experiences."
B087SHFL9B,Super Mario Odyssey - Nintendo Switch,"Super Mario Odyssey is a 3D platformer featuring physics-based exploration and puzzle-solving, ideal for casual and family audiences seeking accessible, creative gameplay."
B087SLFYPJ,Fire Emblem: Three Houses - Nintendo Switch [Digital Code],"Fire Emblem: Three Houses is a turn-based tactical RPG featuring strategic combat and character-driven narratives, ideal for fans of deep strategy games and Nintendo's tactical series."
B08D3XL1KF,Super Smash Bros. Ultimate: Challenger Pack 2 - [Switch Digital Code],"This competitive 2D fighting game features fast-paced character battles with accessible yet skill-intensive mechanics, designed for Nintendo Switch players ranging from casual enthusiasts to competitive fighters."
B08F4C6HCD,Legend of Zelda Link's Awakening - Nintendo Switch [Digital Code],"This 2D platformer action-adventure game features puzzle-solving and combat in a retro-inspired world, targeting Zelda enthusiasts and casual gamers seeking accessible exploration."
B08F97Q8HS,New Super Mario Bros. U Deluxe - Nintendo Switch,"New Super Mario Bros. U Deluxe is a 2D platformer featuring precise, fast-paced gameplay with challenging yet accessible level design. Ideal for casual to dedicated platformer enthusiasts seeking classic Mario action on Nintendo Switch."
B08JHX17ZZ,Super Mario 3D World + Bowser's Fury - Nintendo Switch,"A fast-paced 3D platformer featuring jump-and-run challenges with collectible objectives and enemy combat, designed for casual to experienced platform game fans on Nintendo Switch."
B08JHZHWZ3,"Super Mario 3D All-Stars - Nintendo Switch, 175 pieces","A nostalgic 3D platformer compilation offering fast-paced, precision-based gameplay across classic Mario levels. Ideal for casual gamers and Mario fans seeking accessible, retro-style challenges."
B08LNPL2J8,Chrono Cross - PlayStation,"Chrono Cross (PlayStation) is a time-traveling action RPG featuring turn-based combat and a complex multi-timeline narrative, appealing to fans of strategic role-playing and intricate storytelling."
B08MBKGJVY,Kingdom Hearts,"Kingdom Hearts is an action-adventure RPG series featuring exploration, combat, and puzzle-solving across diverse worlds. It appeals to fans of story-driven action-adventure games seeking immersive narratives and challenging gameplay."
B08MBKQWHB,Yakuza 0 - PlayStation Hits - PlayStation 4,Yakuza 0 is a fast-paced action-adventure game with RPG elements featuring combat and social interactions. Intended for fans of the Yakuza series and action RPG enthusiasts seeking narrative-driven gameplay.
B08N7RDR45,"PowerA Nintendo Switch Car Charger,USB - Nintendo Switch","This is not a video game but a Nintendo Switch car charger accessory for portable charging. Recommender systems should not classify this as a game title since it is a physical hardware product, not a video game."
B08N7VJBH6,Super Mario Maker 2 - Nintendo Switch,"Super Mario Maker 2 is a Nintendo Switch platformer level creator game where players design and share Mario levels, intended for Mario fans and casual gamers."
B08VFQ3XJX,Final Fantasy X,"Final Fantasy X is a turn-based role-playing game emphasizing narrative depth and exploration, ideal for fans of the Final Fantasy series and narrative-driven RPG enthusiasts."
B08VFQJHYB,Tales of Berseria - PlayStation 4,"Tales of Berseria is a turn-based JRPG featuring narrative-driven combat and non-linear storytelling, appealing to JRPG enthusiasts and casual players seeking accessible RPG experiences."
B08XQM1QHW,Nintendo Selects: The Legend of Zelda Ocarina of Time 3D,"A 3D action-adventure game featuring exploration, combat, and puzzle-solving in the iconic Zelda universe. Recommended for nostalgic Nintendo 64 fans and players seeking classic adventure gameplay."
B093GLPLLB,Final Fantasy XII,Final Fantasy XII is a turn-based RPG featuring strategic combat and narrative-driven exploration. It appeals to mature RPG enthusiasts seeking deep storytelling and complex character progression systems.
B0976RZHTV,Marvel's Guardians of the Galaxy Deluxe Edition - Xbox Series X/Xbox One,"Marvel's Guardians of the Galaxy Deluxe Edition is a 3D action-adventure game featuring character-driven combat, exploration, and puzzle-solving. It appeals to Marvel fans and action-adventure enthusiasts seeking a fast-paced, story-driven experience."
B097B8PBL5,Metroid Dread: Special Edition - Nintendo Switch,"Metroid Dread: Special Edition is a challenging 2D platformer focused on exploration, environmental puzzles, and combat. Ideal for Metroid fans and action-adventure enthusiasts seeking a demanding yet rewarding exploration experience with enhanced content in the Special Edition."
B0995GXFV4,Life is Strange - Complete Season - Steam PC [Online Game Code],Story-driven narrative adventure featuring time manipulation mechanics where player choices impact story outcomes. Intended for teens and young adults who enjoy character-focused storytelling and decision-based gameplay.
B09FBW2988,Horizon Forbidden West Collector's Edition - PS4 and PS5 Entitlements,"Open-world action RPG featuring exploration, combat, and environmental storytelling. Targeting fans of narrative-driven adventures with a focus on immersive world interaction and accessible gameplay."
B09JDLC31H,Rare Replay – Xbox One,"Rare Replay is a compilation of classic 16-bit platformers and action-adventure games featuring nostalgic gameplay mechanics. It targets retro gaming enthusiasts and players seeking accessible, challenging platformer experiences."
B09KTV12WR,Star Wars Knights of the Old Republic - Xbox,"Star Wars Knights of the Old Republic is a sci-fi role-playing game featuring turn-based combat and a deep narrative, targeting Star Wars enthusiasts and RPG players seeking story-driven gameplay."
B09MGJXGBF,The Legend of Zelda: Breath of the Wild - Wii U,This open-world action-adventure game features physics-based exploration and non-linear gameplay. Ideal for fans of creative problem-solving and expansive exploration on the Wii U platform.
B09N77RFYL,Elden Ring - PlayStation 4,"Elden Ring is a challenging action RPG on PlayStation 4 featuring intricate combat mechanics and deep exploration. It targets experienced players seeking difficult, narrative-driven gameplay with high replay value."
B09R4K5ZTZ,Bayonetta 2 (Physical Game Card) + Bayonetta (Digital Download) - Nintendo Switch,"Bayonetta 2 is a 2D action-adventure game featuring fluid, precision-based combat mechanics. Recommended for skilled players seeking fast-paced, technically demanding combat experiences."
B09V5R5LSZ,Halo 5: Guardians 9 Gold REQ Packs – Xbox One [Digital Code],First-person team shooter with competitive multiplayer combat. Targeted at Xbox One players seeking fast-paced FPS action from the Halo franchise.
B0B4CRTWGM,Star Wars Knights of the Old Republic II: The Sith Lords,Star Wars Knights of the Old Republic II: The Sith Lords is a turn-based RPG featuring deep narrative choices and strategic combat. Intended for Star Wars enthusiasts and RPG players seeking immersive storytelling over fast-paced action.
B0BDWVBWC9,PowerA Charging Stand for PlayStation 4,"This title is not a video game but a physical PlayStation 4 accessory (PowerA Charging Stand) designed for console users needing multi-device charging solutions. It serves hardware enthusiasts and PlayStation 4 owners seeking practical charging setups, not gameplay content."
B0C3KYVDWT,"SanDisk 128GB microSDXC-Card, Licensed for Nintendo-Switch - SDSQXAO-128G-GNCZN","This title is not a video game but a physical storage card product for the Nintendo Switch. It serves as external storage for saving game data, not a game itself."
B0C5HQ6L7F,Mega Man X Collection - PlayStation 2,This PS2 compilation features classic 2D platformer action with precision-based combat and level design. Ideal for retro gaming enthusiasts and action-oriented players seeking challenging run-and-gun gameplay.
B0C5K4M7WJ,"HyperX Cloud II Wireless - Gaming Headset for PC, PS4/PS5, Nintendo Switch, Long Lasting Battery Up to 30 Hours, 7.1 Surround Sound, Memory Foam, Detachable Noise Cancelling Microphone, Mic Monitoring","This is a gaming headset product, not a video game. For recommender metadata: This wireless headset with 7.1 surround sound and up to 30 hours of battery life supports PC, PlayStation, and Nintendo Switch, ideal for competitive esports players and casual gamers prioritizing audio clarity and communication across platforms."
